/Users/ajaysanthosh/Library/Python/3.9/lib/python/site-packages/urllib3/__init__.py:35: NotOpenSSLWarning: urllib3 v2 only supports OpenSSL 1.1.1+, currently the 'ssl' module is compiled with 'LibreSSL 2.8.3'. See: https://github.com/urllib3/urllib3/issues/3020
  warnings.warn(
stream connection dropped (Response ended prematurely), reconnecting in 5s...
stream connection dropped (Response ended prematurely), reconnecting in 5s...
stream connection dropped (Response ended prematurely), reconnecting in 5s...
stream connection dropped (Response ended prematurely), reconnecting in 5s...
stream connection dropped (Response ended prematurely), reconnecting in 5s...
stream connection dropped (Response ended prematurely), reconnecting in 5s...
stream connection dropped (Response ended prematurely), reconnecting in 5s...
stream connection dropped (Response ended prematurely), reconnecting in 5s...
stream connection dropped (Response ended prematurely), reconnecting in 5s...
stream connection dropped (Response ended prematurely), reconnecting in 5s...
stream connection dropped (Response ended prematurely), reconnecting in 5s...
stream connection dropped (Response ended prematurely), reconnecting in 5s...
stream connection dropped (Response ended prematurely), reconnecting in 5s...
stream connection dropped (Response ended prematurely), reconnecting in 5s...
stream connection dropped (Response ended prematurely), reconnecting in 5s...
stream connection dropped (Response ended prematurely), reconnecting in 5s...
stream connection dropped (HTTPSConnectionPool(host='stream.wikimedia.org', port=443): Read timed out.), reconnecting in 5s...
stream connection dropped (HTTPSConnectionPool(host='stream.wikimedia.org', port=443): Read timed out.), reconnecting in 5s...
stream connection dropped (HTTPSConnectionPool(host='stream.wikimedia.org', port=443): Max retries exceeded with url: /v2/stream/recentchange (Caused by NameResolutionError("HTTPSConnection(host='stream.wikimedia.org', port=443): Failed to resolve 'stream.wikimedia.org' ([Errno 8] nodename nor servname provided, or not known)"))), reconnecting in 5s...
stream connection dropped (HTTPSConnectionPool(host='stream.wikimedia.org', port=443): Max retries exceeded with url: /v2/stream/recentchange (Caused by NameResolutionError("HTTPSConnection(host='stream.wikimedia.org', port=443): Failed to resolve 'stream.wikimedia.org' ([Errno 8] nodename nor servname provided, or not known)"))), reconnecting in 5s...
stream connection dropped (HTTPSConnectionPool(host='stream.wikimedia.org', port=443): Max retries exceeded with url: /v2/stream/recentchange (Caused by NameResolutionError("HTTPSConnection(host='stream.wikimedia.org', port=443): Failed to resolve 'stream.wikimedia.org' ([Errno 8] nodename nor servname provided, or not known)"))), reconnecting in 5s...
stream connection dropped (HTTPSConnectionPool(host='stream.wikimedia.org', port=443): Max retries exceeded with url: /v2/stream/recentchange (Caused by NameResolutionError("HTTPSConnection(host='stream.wikimedia.org', port=443): Failed to resolve 'stream.wikimedia.org' ([Errno 8] nodename nor servname provided, or not known)"))), reconnecting in 5s...
stream connection dropped (HTTPSConnectionPool(host='stream.wikimedia.org', port=443): Max retries exceeded with url: /v2/stream/recentchange (Caused by NameResolutionError("HTTPSConnection(host='stream.wikimedia.org', port=443): Failed to resolve 'stream.wikimedia.org' ([Errno 8] nodename nor servname provided, or not known)"))), reconnecting in 5s...
stream connection dropped (HTTPSConnectionPool(host='stream.wikimedia.org', port=443): Max retries exceeded with url: /v2/stream/recentchange (Caused by NameResolutionError("HTTPSConnection(host='stream.wikimedia.org', port=443): Failed to resolve 'stream.wikimedia.org' ([Errno 8] nodename nor servname provided, or not known)"))), reconnecting in 5s...
stream connection dropped (HTTPSConnectionPool(host='stream.wikimedia.org', port=443): Max retries exceeded with url: /v2/stream/recentchange (Caused by NameResolutionError("HTTPSConnection(host='stream.wikimedia.org', port=443): Failed to resolve 'stream.wikimedia.org' ([Errno 8] nodename nor servname provided, or not known)"))), reconnecting in 5s...
stream connection dropped (HTTPSConnectionPool(host='stream.wikimedia.org', port=443): Max retries exceeded with url: /v2/stream/recentchange (Caused by NameResolutionError("HTTPSConnection(host='stream.wikimedia.org', port=443): Failed to resolve 'stream.wikimedia.org' ([Errno 8] nodename nor servname provided, or not known)"))), reconnecting in 5s...
stream connection dropped (HTTPSConnectionPool(host='stream.wikimedia.org', port=443): Max retries exceeded with url: /v2/stream/recentchange (Caused by NameResolutionError("HTTPSConnection(host='stream.wikimedia.org', port=443): Failed to resolve 'stream.wikimedia.org' ([Errno 8] nodename nor servname provided, or not known)"))), reconnecting in 5s...
stream connection dropped (HTTPSConnectionPool(host='stream.wikimedia.org', port=443): Max retries exceeded with url: /v2/stream/recentchange (Caused by NameResolutionError("HTTPSConnection(host='stream.wikimedia.org', port=443): Failed to resolve 'stream.wikimedia.org' ([Errno 8] nodename nor servname provided, or not known)"))), reconnecting in 5s...
stream connection dropped (HTTPSConnectionPool(host='stream.wikimedia.org', port=443): Max retries exceeded with url: /v2/stream/recentchange (Caused by NameResolutionError("HTTPSConnection(host='stream.wikimedia.org', port=443): Failed to resolve 'stream.wikimedia.org' ([Errno 8] nodename nor servname provided, or not known)"))), reconnecting in 5s...
stream connection dropped (HTTPSConnectionPool(host='stream.wikimedia.org', port=443): Max retries exceeded with url: /v2/stream/recentchange (Caused by NameResolutionError("HTTPSConnection(host='stream.wikimedia.org', port=443): Failed to resolve 'stream.wikimedia.org' ([Errno 8] nodename nor servname provided, or not known)"))), reconnecting in 5s...
stream connection dropped (HTTPSConnectionPool(host='stream.wikimedia.org', port=443): Max retries exceeded with url: /v2/stream/recentchange (Caused by NameResolutionError("HTTPSConnection(host='stream.wikimedia.org', port=443): Failed to resolve 'stream.wikimedia.org' ([Errno 8] nodename nor servname provided, or not known)"))), reconnecting in 5s...
stream connection dropped (HTTPSConnectionPool(host='stream.wikimedia.org', port=443): Max retries exceeded with url: /v2/stream/recentchange (Caused by NameResolutionError("HTTPSConnection(host='stream.wikimedia.org', port=443): Failed to resolve 'stream.wikimedia.org' ([Errno 8] nodename nor servname provided, or not known)"))), reconnecting in 5s...
stream connection dropped (HTTPSConnectionPool(host='stream.wikimedia.org', port=443): Max retries exceeded with url: /v2/stream/recentchange (Caused by NameResolutionError("HTTPSConnection(host='stream.wikimedia.org', port=443): Failed to resolve 'stream.wikimedia.org' ([Errno 8] nodename nor servname provided, or not known)"))), reconnecting in 5s...
stream connection dropped (HTTPSConnectionPool(host='stream.wikimedia.org', port=443): Max retries exceeded with url: /v2/stream/recentchange (Caused by NameResolutionError("HTTPSConnection(host='stream.wikimedia.org', port=443): Failed to resolve 'stream.wikimedia.org' ([Errno 8] nodename nor servname provided, or not known)"))), reconnecting in 5s...
stream connection dropped (HTTPSConnectionPool(host='stream.wikimedia.org', port=443): Max retries exceeded with url: /v2/stream/recentchange (Caused by NameResolutionError("HTTPSConnection(host='stream.wikimedia.org', port=443): Failed to resolve 'stream.wikimedia.org' ([Errno 8] nodename nor servname provided, or not known)"))), reconnecting in 5s...
stream connection dropped (HTTPSConnectionPool(host='stream.wikimedia.org', port=443): Max retries exceeded with url: /v2/stream/recentchange (Caused by NameResolutionError("HTTPSConnection(host='stream.wikimedia.org', port=443): Failed to resolve 'stream.wikimedia.org' ([Errno 8] nodename nor servname provided, or not known)"))), reconnecting in 5s...
stream connection dropped (HTTPSConnectionPool(host='stream.wikimedia.org', port=443): Max retries exceeded with url: /v2/stream/recentchange (Caused by NameResolutionError("HTTPSConnection(host='stream.wikimedia.org', port=443): Failed to resolve 'stream.wikimedia.org' ([Errno 8] nodename nor servname provided, or not known)"))), reconnecting in 5s...
stream connection dropped (HTTPSConnectionPool(host='stream.wikimedia.org', port=443): Max retries exceeded with url: /v2/stream/recentchange (Caused by NameResolutionError("HTTPSConnection(host='stream.wikimedia.org', port=443): Failed to resolve 'stream.wikimedia.org' ([Errno 8] nodename nor servname provided, or not known)"))), reconnecting in 5s...
stream connection dropped (HTTPSConnectionPool(host='stream.wikimedia.org', port=443): Max retries exceeded with url: /v2/stream/recentchange (Caused by NameResolutionError("HTTPSConnection(host='stream.wikimedia.org', port=443): Failed to resolve 'stream.wikimedia.org' ([Errno 8] nodename nor servname provided, or not known)"))), reconnecting in 5s...
stream connection dropped (HTTPSConnectionPool(host='stream.wikimedia.org', port=443): Max retries exceeded with url: /v2/stream/recentchange (Caused by NameResolutionError("HTTPSConnection(host='stream.wikimedia.org', port=443): Failed to resolve 'stream.wikimedia.org' ([Errno 8] nodename nor servname provided, or not known)"))), reconnecting in 5s...
stream connection dropped (HTTPSConnectionPool(host='stream.wikimedia.org', port=443): Max retries exceeded with url: /v2/stream/recentchange (Caused by NameResolutionError("HTTPSConnection(host='stream.wikimedia.org', port=443): Failed to resolve 'stream.wikimedia.org' ([Errno 8] nodename nor servname provided, or not known)"))), reconnecting in 5s...
stream connection dropped (HTTPSConnectionPool(host='stream.wikimedia.org', port=443): Max retries exceeded with url: /v2/stream/recentchange (Caused by NameResolutionError("HTTPSConnection(host='stream.wikimedia.org', port=443): Failed to resolve 'stream.wikimedia.org' ([Errno 8] nodename nor servname provided, or not known)"))), reconnecting in 5s...
stream connection dropped (HTTPSConnectionPool(host='stream.wikimedia.org', port=443): Max retries exceeded with url: /v2/stream/recentchange (Caused by NameResolutionError("HTTPSConnection(host='stream.wikimedia.org', port=443): Failed to resolve 'stream.wikimedia.org' ([Errno 8] nodename nor servname provided, or not known)"))), reconnecting in 5s...
stream connection dropped (HTTPSConnectionPool(host='stream.wikimedia.org', port=443): Read timed out.), reconnecting in 5s...
stream connection dropped (HTTPSConnectionPool(host='stream.wikimedia.org', port=443): Read timed out.), reconnecting in 5s...
stream connection dropped (Response ended prematurely), reconnecting in 5s...
stream connection dropped (Response ended prematurely), reconnecting in 5s...
Connecting to https://stream.wikimedia.org/v2/stream/recentchange
Archiving to data/wikimedia_archive.jsonl (Kinesis disabled)
[17:36:38] 2,000 events archived (30.7 events/sec avg)
[17:37:26] 4,000 events archived (35.4 events/sec avg)
[17:38:23] 6,000 events archived (35.2 events/sec avg)
[17:39:22] 8,000 events archived (35.0 events/sec avg)
[17:40:20] 10,000 events archived (34.8 events/sec avg)
[17:41:06] 12,000 events archived (36.0 events/sec avg)
[17:41:59] 14,000 events archived (36.3 events/sec avg)
[17:42:59] 16,000 events archived (35.8 events/sec avg)
[17:44:05] 18,000 events archived (35.1 events/sec avg)
[17:45:01] 20,000 events archived (35.2 events/sec avg)
[17:45:55] 22,000 events archived (35.4 events/sec avg)
[17:46:55] 24,000 events archived (35.2 events/sec avg)
[17:47:53] 26,000 events archived (35.1 events/sec avg)
[17:48:52] 28,000 events archived (35.0 events/sec avg)
[17:49:42] 30,000 events archived (35.3 events/sec avg)
[17:50:42] 32,000 events archived (35.2 events/sec avg)
[17:51:41] 34,000 events archived (35.1 events/sec avg)
[17:52:41] 36,000 events archived (35.0 events/sec avg)
[17:53:34] 38,000 events archived (35.2 events/sec avg)
[17:54:23] 40,000 events archived (35.4 events/sec avg)
[17:55:06] 42,000 events archived (35.8 events/sec avg)
[17:56:00] 44,000 events archived (35.9 events/sec avg)
[17:56:50] 46,000 events archived (36.0 events/sec avg)
[17:57:51] 48,000 events archived (35.9 events/sec avg)
[17:58:45] 50,000 events archived (35.9 events/sec avg)
[17:59:33] 52,000 events archived (36.1 events/sec avg)
[18:00:28] 54,000 events archived (36.1 events/sec avg)
[18:01:24] 56,000 events archived (36.1 events/sec avg)
[18:02:14] 58,000 events archived (36.2 events/sec avg)
[18:03:03] 60,000 events archived (36.4 events/sec avg)
[18:03:48] 62,000 events archived (36.6 events/sec avg)
[18:04:43] 64,000 events archived (36.6 events/sec avg)
[18:05:32] 66,000 events archived (36.7 events/sec avg)
[18:06:25] 68,000 events archived (36.7 events/sec avg)
[18:07:13] 70,000 events archived (36.8 events/sec avg)
[18:08:05] 72,000 events archived (36.9 events/sec avg)
[18:08:50] 74,000 events archived (37.0 events/sec avg)
[18:09:40] 76,000 events archived (37.1 events/sec avg)
[18:10:44] 78,000 events archived (37.0 events/sec avg)
[18:11:41] 80,000 events archived (36.9 events/sec avg)
[18:12:38] 82,000 events archived (36.8 events/sec avg)
[18:13:30] 84,000 events archived (36.9 events/sec avg)
[18:14:36] 86,000 events archived (36.7 events/sec avg)
[18:15:40] 88,000 events archived (36.6 events/sec avg)
[18:16:41] 90,000 events archived (36.5 events/sec avg)
[18:17:34] 92,000 events archived (36.5 events/sec avg)
[18:18:38] 94,000 events archived (36.4 events/sec avg)
[18:19:48] 96,000 events archived (36.2 events/sec avg)
[18:20:42] 98,000 events archived (36.2 events/sec avg)
[18:21:56] 100,000 events archived (35.9 events/sec avg)
[18:23:08] 102,000 events archived (35.7 events/sec avg)
[18:24:15] 104,000 events archived (35.6 events/sec avg)
[18:25:27] 106,000 events archived (35.4 events/sec avg)
[18:26:19] 108,000 events archived (35.5 events/sec avg)
[18:27:18] 110,000 events archived (35.4 events/sec avg)
[18:28:25] 112,000 events archived (35.3 events/sec avg)
[18:29:35] 114,000 events archived (35.2 events/sec avg)
[18:30:46] 116,000 events archived (35.0 events/sec avg)
[18:31:56] 118,000 events archived (34.9 events/sec avg)
[18:33:03] 120,000 events archived (34.8 events/sec avg)
[18:34:12] 122,000 events archived (34.7 events/sec avg)
[18:35:19] 124,000 events archived (34.6 events/sec avg)
[18:36:30] 126,000 events archived (34.5 events/sec avg)
[18:37:53] 128,000 events archived (34.2 events/sec avg)
[18:38:58] 130,000 events archived (34.2 events/sec avg)
[18:40:00] 132,000 events archived (34.1 events/sec avg)
[18:40:58] 134,000 events archived (34.1 events/sec avg)
[18:42:09] 136,000 events archived (34.0 events/sec avg)
[18:43:21] 138,000 events archived (33.9 events/sec avg)
[18:44:30] 140,000 events archived (33.8 events/sec avg)
[18:45:45] 142,000 events archived (33.7 events/sec avg)
[18:46:45] 144,000 events archived (33.7 events/sec avg)
[18:47:54] 146,000 events archived (33.6 events/sec avg)
[18:48:48] 148,000 events archived (33.7 events/sec avg)
[18:49:58] 150,000 events archived (33.6 events/sec avg)
[18:50:58] 152,000 events archived (33.6 events/sec avg)
[18:52:06] 154,000 events archived (33.5 events/sec avg)
[18:53:06] 156,000 events archived (33.5 events/sec avg)
[18:54:00] 158,000 events archived (33.6 events/sec avg)
[18:55:10] 160,000 events archived (33.5 events/sec avg)
[18:56:12] 162,000 events archived (33.5 events/sec avg)
[18:57:25] 164,000 events archived (33.4 events/sec avg)
[18:58:35] 166,000 events archived (33.3 events/sec avg)
[18:59:47] 168,000 events archived (33.2 events/sec avg)
[19:00:59] 170,000 events archived (33.2 events/sec avg)
[19:02:05] 172,000 events archived (33.1 events/sec avg)
[19:03:06] 174,000 events archived (33.1 events/sec avg)
[19:04:09] 176,000 events archived (33.1 events/sec avg)
[19:05:12] 178,000 events archived (33.1 events/sec avg)
[19:06:20] 180,000 events archived (33.0 events/sec avg)
[19:07:33] 182,000 events archived (33.0 events/sec avg)
[19:08:44] 184,000 events archived (32.9 events/sec avg)
[19:09:53] 186,000 events archived (32.9 events/sec avg)
[19:10:53] 188,000 events archived (32.9 events/sec avg)
[19:11:52] 190,000 events archived (32.9 events/sec avg)
[19:12:56] 192,000 events archived (32.9 events/sec avg)
[19:14:01] 194,000 events archived (32.8 events/sec avg)
[19:15:00] 196,000 events archived (32.8 events/sec avg)
[19:15:56] 198,000 events archived (32.9 events/sec avg)
[19:16:54] 200,000 events archived (32.9 events/sec avg)
[19:17:58] 202,000 events archived (32.9 events/sec avg)
[19:19:09] 204,000 events archived (32.8 events/sec avg)
[19:20:14] 206,000 events archived (32.8 events/sec avg)
[19:21:14] 208,000 events archived (32.8 events/sec avg)
[19:22:21] 210,000 events archived (32.8 events/sec avg)
[19:23:24] 212,000 events archived (32.8 events/sec avg)
[19:24:24] 214,000 events archived (32.8 events/sec avg)
[19:25:30] 216,000 events archived (32.7 events/sec avg)
[19:26:37] 218,000 events archived (32.7 events/sec avg)
[19:27:38] 220,000 events archived (32.7 events/sec avg)
[19:28:39] 222,000 events archived (32.7 events/sec avg)
[19:29:47] 224,000 events archived (32.7 events/sec avg)
[19:30:57] 226,000 events archived (32.6 events/sec avg)
[19:31:55] 228,000 events archived (32.7 events/sec avg)
[19:32:53] 230,000 events archived (32.7 events/sec avg)
[19:34:09] 232,000 events archived (32.6 events/sec avg)
[19:35:10] 234,000 events archived (32.6 events/sec avg)
[19:36:18] 236,000 events archived (32.6 events/sec avg)
[19:37:22] 238,000 events archived (32.6 events/sec avg)
[19:38:29] 240,000 events archived (32.5 events/sec avg)
[19:39:27] 242,000 events archived (32.6 events/sec avg)
[19:40:25] 244,000 events archived (32.6 events/sec avg)
[19:41:34] 246,000 events archived (32.5 events/sec avg)
[19:42:40] 248,000 events archived (32.5 events/sec avg)
[19:43:40] 250,000 events archived (32.5 events/sec avg)
[19:44:39] 252,000 events archived (32.5 events/sec avg)
[19:45:37] 254,000 events archived (32.5 events/sec avg)
[19:46:37] 256,000 events archived (32.6 events/sec avg)
[19:47:29] 258,000 events archived (32.6 events/sec avg)
[19:48:33] 260,000 events archived (32.6 events/sec avg)
[19:49:26] 262,000 events archived (32.6 events/sec avg)
[19:50:18] 264,000 events archived (32.7 events/sec avg)
[20:16:02] 266,000 events archived (27.6 events/sec avg)
[20:49:17] 268,000 events archived (23.1 events/sec avg)
[20:50:27] 270,000 events archived (23.1 events/sec avg)
[20:51:38] 272,000 events archived (23.1 events/sec avg)
[20:52:42] 274,000 events archived (23.2 events/sec avg)
[20:53:55] 276,000 events archived (23.2 events/sec avg)
[20:55:07] 278,000 events archived (23.2 events/sec avg)
[20:56:19] 280,000 events archived (23.2 events/sec avg)
[20:57:32] 282,000 events archived (23.3 events/sec avg)
[20:58:42] 284,000 events archived (23.3 events/sec avg)
stream connection dropped (Response ended prematurely), reconnecting in 5s...
stream connection dropped (Response ended prematurely), reconnecting in 5s...
stream connection dropped (Response ended prematurely), reconnecting in 5s...
stream connection dropped (Response ended prematurely), reconnecting in 5s...
stream connection dropped (Response ended prematurely), reconnecting in 5s...
stream connection dropped (Response ended prematurely), reconnecting in 5s...
stream connection dropped (Response ended prematurely), reconnecting in 5s...
stream connection dropped (Response ended prematurely), reconnecting in 5s...
stream connection dropped (Response ended prematurely), reconnecting in 5s...
stream connection dropped (Response ended prematurely), reconnecting in 5s...
stream connection dropped (Response ended prematurely), reconnecting in 5s...
stream connection dropped (Response ended prematurely), reconnecting in 5s...
stream connection dropped (Response ended prematurely), reconnecting in 5s...
stream connection dropped (Response ended prematurely), reconnecting in 5s...
stream connection dropped (Response ended prematurely), reconnecting in 5s...
stream connection dropped (503 Server Error: Service Unavailable for url: https://stream.wikimedia.org/v2/stream/recentchange), reconnecting in 5s...
stream connection dropped (Response ended prematurely), reconnecting in 5s...
stream connection dropped (Response ended prematurely), reconnecting in 5s...
stream connection dropped (Response ended prematurely), reconnecting in 5s...
stream connection dropped (Response ended prematurely), reconnecting in 5s...
stream connection dropped (Response ended prematurely), reconnecting in 5s...
stream connection dropped (Response ended prematurely), reconnecting in 5s...
[20:59:52] 286,000 events archived (23.3 events/sec avg)
[21:01:02] 288,000 events archived (23.4 events/sec avg)
[21:01:45] 290,000 events archived (23.4 events/sec avg)
[21:02:20] 292,000 events archived (23.5 events/sec avg)
[21:03:31] 294,000 events archived (23.6 events/sec avg)
[21:04:36] 296,000 events archived (23.6 events/sec avg)
[21:05:46] 298,000 events archived (23.6 events/sec avg)
[21:06:42] 300,000 events archived (23.7 events/sec avg)
[21:07:35] 302,000 events archived (23.7 events/sec avg)
[21:08:31] 304,000 events archived (23.8 events/sec avg)
[21:09:33] 306,000 events archived (23.8 events/sec avg)
[21:10:33] 308,000 events archived (23.9 events/sec avg)
[21:11:33] 310,000 events archived (23.9 events/sec avg)
[21:12:22] 312,000 events archived (24.0 events/sec avg)
[21:13:17] 314,000 events archived (24.0 events/sec avg)
[21:14:13] 316,000 events archived (24.1 events/sec avg)
[21:15:21] 318,000 events archived (24.1 events/sec avg)
[21:16:26] 320,000 events archived (24.1 events/sec avg)
[21:17:22] 322,000 events archived (24.2 events/sec avg)
[21:18:18] 324,000 events archived (24.2 events/sec avg)
[21:19:28] 326,000 events archived (24.3 events/sec avg)
[21:20:34] 328,000 events archived (24.3 events/sec avg)
[21:21:39] 330,000 events archived (24.3 events/sec avg)
[21:22:45] 332,000 events archived (24.4 events/sec avg)
[21:23:55] 334,000 events archived (24.4 events/sec avg)
[21:25:05] 336,000 events archived (24.4 events/sec avg)
[21:26:01] 338,000 events archived (24.4 events/sec avg)
[21:27:07] 340,000 events archived (24.5 events/sec avg)
[21:28:15] 342,000 events archived (24.5 events/sec avg)
[21:29:12] 344,000 events archived (24.5 events/sec avg)
[21:30:13] 346,000 events archived (24.6 events/sec avg)
[21:31:09] 348,000 events archived (24.6 events/sec avg)
[21:32:08] 350,000 events archived (24.7 events/sec avg)
[21:32:59] 352,000 events archived (24.7 events/sec avg)
[21:34:05] 354,000 events archived (24.7 events/sec avg)
[21:35:27] 356,000 events archived (24.7 events/sec avg)
[21:36:32] 358,000 events archived (24.8 events/sec avg)
[21:37:25] 360,000 events archived (24.8 events/sec avg)
[21:38:12] 362,000 events archived (24.9 events/sec avg)
[21:39:21] 364,000 events archived (24.9 events/sec avg)
[21:40:34] 366,000 events archived (24.9 events/sec avg)
[21:41:38] 368,000 events archived (24.9 events/sec avg)
[21:42:41] 370,000 events archived (25.0 events/sec avg)
[21:43:42] 372,000 events archived (25.0 events/sec avg)
[21:44:49] 374,000 events archived (25.0 events/sec avg)
[21:45:51] 376,000 events archived (25.0 events/sec avg)
[21:46:56] 378,000 events archived (25.1 events/sec avg)
[21:48:05] 380,000 events archived (25.1 events/sec avg)
[21:49:11] 382,000 events archived (25.1 events/sec avg)
[21:50:19] 384,000 events archived (25.1 events/sec avg)
[21:51:26] 386,000 events archived (25.1 events/sec avg)
[21:52:29] 388,000 events archived (25.2 events/sec avg)
[21:53:34] 390,000 events archived (25.2 events/sec avg)
[21:54:41] 392,000 events archived (25.2 events/sec avg)
[21:55:52] 394,000 events archived (25.2 events/sec avg)
[21:56:58] 396,000 events archived (25.2 events/sec avg)
[21:58:01] 398,000 events archived (25.3 events/sec avg)
[21:59:03] 400,000 events archived (25.3 events/sec avg)
[22:00:09] 402,000 events archived (25.3 events/sec avg)
[22:01:10] 404,000 events archived (25.3 events/sec avg)
[22:02:23] 406,000 events archived (25.4 events/sec avg)
[22:03:32] 408,000 events archived (25.4 events/sec avg)
[22:04:30] 410,000 events archived (25.4 events/sec avg)
[22:05:23] 412,000 events archived (25.4 events/sec avg)
[22:06:29] 414,000 events archived (25.5 events/sec avg)
[22:07:30] 416,000 events archived (25.5 events/sec avg)
[22:08:34] 418,000 events archived (25.5 events/sec avg)
[22:09:46] 420,000 events archived (25.5 events/sec avg)
[22:10:49] 422,000 events archived (25.6 events/sec avg)
[22:11:55] 424,000 events archived (25.6 events/sec avg)
[22:13:03] 426,000 events archived (25.6 events/sec avg)
[22:14:07] 428,000 events archived (25.6 events/sec avg)
[22:15:14] 430,000 events archived (25.6 events/sec avg)
[22:16:22] 432,000 events archived (25.6 events/sec avg)
[22:17:35] 434,000 events archived (25.6 events/sec avg)
[22:18:40] 436,000 events archived (25.7 events/sec avg)
[22:19:46] 438,000 events archived (25.7 events/sec avg)
[22:20:54] 440,000 events archived (25.7 events/sec avg)
[22:22:03] 442,000 events archived (25.7 events/sec avg)
[22:23:09] 444,000 events archived (25.7 events/sec avg)
[22:24:10] 446,000 events archived (25.8 events/sec avg)
[22:25:22] 448,000 events archived (25.8 events/sec avg)
[22:26:28] 450,000 events archived (25.8 events/sec avg)
[22:27:33] 452,000 events archived (25.8 events/sec avg)
[22:28:29] 454,000 events archived (25.8 events/sec avg)
[22:29:37] 456,000 events archived (25.8 events/sec avg)
[22:30:41] 458,000 events archived (25.9 events/sec avg)
[22:31:33] 460,000 events archived (25.9 events/sec avg)
[22:32:39] 462,000 events archived (25.9 events/sec avg)
[22:33:54] 464,000 events archived (25.9 events/sec avg)
[22:35:02] 466,000 events archived (25.9 events/sec avg)
[22:36:09] 468,000 events archived (25.9 events/sec avg)
[22:37:14] 470,000 events archived (26.0 events/sec avg)
[22:38:21] 472,000 events archived (26.0 events/sec avg)
[22:39:32] 474,000 events archived (26.0 events/sec avg)
[22:40:36] 476,000 events archived (26.0 events/sec avg)
[22:41:40] 478,000 events archived (26.0 events/sec avg)
[22:42:45] 480,000 events archived (26.0 events/sec avg)
[22:43:49] 482,000 events archived (26.1 events/sec avg)
[22:44:53] 484,000 events archived (26.1 events/sec avg)
[22:45:52] 486,000 events archived (26.1 events/sec avg)
[22:46:52] 488,000 events archived (26.1 events/sec avg)
[22:47:50] 490,000 events archived (26.2 events/sec avg)
[22:49:06] 492,000 events archived (26.2 events/sec avg)
[22:50:00] 494,000 events archived (26.2 events/sec avg)
[22:50:59] 496,000 events archived (26.2 events/sec avg)
[22:51:59] 498,000 events archived (26.2 events/sec avg)
[22:52:57] 500,000 events archived (26.3 events/sec avg)
[22:53:59] 502,000 events archived (26.3 events/sec avg)
[22:55:06] 504,000 events archived (26.3 events/sec avg)
[22:56:07] 506,000 events archived (26.3 events/sec avg)
[22:56:58] 508,000 events archived (26.3 events/sec avg)
[22:57:55] 510,000 events archived (26.4 events/sec avg)
[22:58:59] 512,000 events archived (26.4 events/sec avg)
[22:59:48] 514,000 events archived (26.4 events/sec avg)
[23:00:41] 516,000 events archived (26.5 events/sec avg)
[23:01:38] 518,000 events archived (26.5 events/sec avg)
[23:02:34] 520,000 events archived (26.5 events/sec avg)
[23:03:40] 522,000 events archived (26.5 events/sec avg)
[23:04:34] 524,000 events archived (26.5 events/sec avg)
[23:05:33] 526,000 events archived (26.6 events/sec avg)
[23:06:36] 528,000 events archived (26.6 events/sec avg)
[23:07:41] 530,000 events archived (26.6 events/sec avg)
[23:08:41] 532,000 events archived (26.6 events/sec avg)
[23:09:49] 534,000 events archived (26.6 events/sec avg)
[23:10:57] 536,000 events archived (26.6 events/sec avg)
[23:11:58] 538,000 events archived (26.7 events/sec avg)
[23:12:59] 540,000 events archived (26.7 events/sec avg)
[23:14:00] 542,000 events archived (26.7 events/sec avg)
[23:15:06] 544,000 events archived (26.7 events/sec avg)
[23:16:06] 546,000 events archived (26.7 events/sec avg)
[23:17:07] 548,000 events archived (26.7 events/sec avg)
[23:18:19] 550,000 events archived (26.7 events/sec avg)
[23:19:29] 552,000 events archived (26.7 events/sec avg)
[23:20:37] 554,000 events archived (26.8 events/sec avg)
[23:21:46] 556,000 events archived (26.8 events/sec avg)
[23:22:57] 558,000 events archived (26.8 events/sec avg)
[23:24:06] 560,000 events archived (26.8 events/sec avg)
[23:25:16] 562,000 events archived (26.8 events/sec avg)
[23:26:30] 564,000 events archived (26.8 events/sec avg)
[23:27:36] 566,000 events archived (26.8 events/sec avg)
[23:28:46] 568,000 events archived (26.8 events/sec avg)
[23:30:07] 570,000 events archived (26.8 events/sec avg)
stream connection dropped (Response ended prematurely), reconnecting in 5s...
stream connection dropped (Response ended prematurely), reconnecting in 5s...
stream connection dropped (Response ended prematurely), reconnecting in 5s...
stream connection dropped (Response ended prematurely), reconnecting in 5s...
stream connection dropped (Response ended prematurely), reconnecting in 5s...
stream connection dropped (Response ended prematurely), reconnecting in 5s...
stream connection dropped (Response ended prematurely), reconnecting in 5s...
stream connection dropped (Response ended prematurely), reconnecting in 5s...
stream connection dropped (Response ended prematurely), reconnecting in 5s...
stream connection dropped (Response ended prematurely), reconnecting in 5s...
stream connection dropped (Response ended prematurely), reconnecting in 5s...
stream connection dropped (Response ended prematurely), reconnecting in 5s...
stream connection dropped (Response ended prematurely), reconnecting in 5s...
stream connection dropped (Response ended prematurely), reconnecting in 5s...
stream connection dropped (Response ended prematurely), reconnecting in 5s...
stream connection dropped (Response ended prematurely), reconnecting in 5s...
stream connection dropped (("Connection broken: ConnectionResetError(54, 'Connection reset by peer')", ConnectionResetError(54, 'Connection reset by peer'))), reconnecting in 5s...
stream connection dropped (Response ended prematurely), reconnecting in 5s...
stream connection dropped (Response ended prematurely), reconnecting in 5s...
stream connection dropped (Response ended prematurely), reconnecting in 5s...
stream connection dropped (Response ended prematurely), reconnecting in 5s...
stream connection dropped (Response ended prematurely), reconnecting in 5s...
stream connection dropped (Response ended prematurely), reconnecting in 5s...
stream connection dropped (Response ended prematurely), reconnecting in 5s...
stream connection dropped (Response ended prematurely), reconnecting in 5s...
[23:31:24] 572,000 events archived (26.8 events/sec avg)
[23:32:43] 574,000 events archived (26.8 events/sec avg)
[23:33:57] 576,000 events archived (26.8 events/sec avg)
[23:35:09] 578,000 events archived (26.8 events/sec avg)
[23:36:39] 580,000 events archived (26.8 events/sec avg)
[23:38:05] 582,000 events archived (26.8 events/sec avg)
[23:39:29] 584,000 events archived (26.7 events/sec avg)
[23:40:52] 586,000 events archived (26.7 events/sec avg)
[23:42:11] 588,000 events archived (26.7 events/sec avg)
[23:43:39] 590,000 events archived (26.7 events/sec avg)
[23:45:08] 592,000 events archived (26.7 events/sec avg)
[23:46:21] 594,000 events archived (26.7 events/sec avg)
[23:47:41] 596,000 events archived (26.7 events/sec avg)
[23:49:04] 598,000 events archived (26.7 events/sec avg)
[23:50:30] 600,000 events archived (26.7 events/sec avg)
[23:51:47] 602,000 events archived (26.7 events/sec avg)
[23:53:06] 604,000 events archived (26.7 events/sec avg)
[23:54:27] 606,000 events archived (26.7 events/sec avg)
[23:55:42] 608,000 events archived (26.7 events/sec avg)
[23:56:53] 610,000 events archived (26.7 events/sec avg)
[23:58:05] 612,000 events archived (26.7 events/sec avg)
[23:59:16] 614,000 events archived (26.7 events/sec avg)
[00:00:23] 616,000 events archived (26.7 events/sec avg)
[00:01:33] 618,000 events archived (26.7 events/sec avg)
[00:02:42] 620,000 events archived (26.7 events/sec avg)
[00:03:58] 622,000 events archived (26.7 events/sec avg)
[00:05:17] 624,000 events archived (26.7 events/sec avg)
[00:06:32] 626,000 events archived (26.7 events/sec avg)
[00:07:48] 628,000 events archived (26.7 events/sec avg)
[00:09:06] 630,000 events archived (26.7 events/sec avg)
[00:10:31] 632,000 events archived (26.7 events/sec avg)
[00:11:56] 634,000 events archived (26.7 events/sec avg)
[00:13:17] 636,000 events archived (26.7 events/sec avg)
[00:14:41] 638,000 events archived (26.6 events/sec avg)
[00:16:05] 640,000 events archived (26.6 events/sec avg)
[00:17:34] 642,000 events archived (26.6 events/sec avg)
[00:18:51] 644,000 events archived (26.6 events/sec avg)
[00:20:10] 646,000 events archived (26.6 events/sec avg)
[00:21:26] 648,000 events archived (26.6 events/sec avg)
[00:22:47] 650,000 events archived (26.6 events/sec avg)
[00:23:51] 652,000 events archived (26.6 events/sec avg)
[00:25:16] 654,000 events archived (26.6 events/sec avg)
[00:26:40] 656,000 events archived (26.6 events/sec avg)
[00:28:06] 658,000 events archived (26.6 events/sec avg)
[00:29:30] 660,000 events archived (26.6 events/sec avg)
[00:30:55] 662,000 events archived (26.6 events/sec avg)
[00:32:30] 664,000 events archived (26.5 events/sec avg)
[00:34:13] 666,000 events archived (26.5 events/sec avg)
[00:35:43] 668,000 events archived (26.5 events/sec avg)
[00:37:08] 670,000 events archived (26.5 events/sec avg)
[00:38:32] 672,000 events archived (26.5 events/sec avg)
[00:39:55] 674,000 events archived (26.5 events/sec avg)
[00:41:14] 676,000 events archived (26.5 events/sec avg)
[00:42:45] 678,000 events archived (26.5 events/sec avg)
[00:44:18] 680,000 events archived (26.4 events/sec avg)
[00:45:35] 682,000 events archived (26.4 events/sec avg)
[00:47:06] 684,000 events archived (26.4 events/sec avg)
[00:48:29] 686,000 events archived (26.4 events/sec avg)
[00:49:58] 688,000 events archived (26.4 events/sec avg)
[00:51:30] 690,000 events archived (26.4 events/sec avg)
[00:53:14] 692,000 events archived (26.4 events/sec avg)
[00:54:49] 694,000 events archived (26.3 events/sec avg)
[00:56:13] 696,000 events archived (26.3 events/sec avg)
[00:57:36] 698,000 events archived (26.3 events/sec avg)
[00:58:51] 700,000 events archived (26.3 events/sec avg)
[00:59:58] 702,000 events archived (26.3 events/sec avg)
[01:01:05] 704,000 events archived (26.3 events/sec avg)
[01:02:25] 706,000 events archived (26.3 events/sec avg)
[01:03:46] 708,000 events archived (26.3 events/sec avg)
[01:05:09] 710,000 events archived (26.3 events/sec avg)
[01:06:23] 712,000 events archived (26.3 events/sec avg)
[01:07:49] 714,000 events archived (26.3 events/sec avg)
[01:09:06] 716,000 events archived (26.3 events/sec avg)
[01:10:31] 718,000 events archived (26.3 events/sec avg)
[01:11:29] 720,000 events archived (26.3 events/sec avg)
[01:12:54] 722,000 events archived (26.3 events/sec avg)
[01:14:08] 724,000 events archived (26.3 events/sec avg)
[01:15:11] 726,000 events archived (26.3 events/sec avg)
[01:16:20] 728,000 events archived (26.3 events/sec avg)
[01:17:33] 730,000 events archived (26.3 events/sec avg)
[01:18:40] 732,000 events archived (26.3 events/sec avg)
[01:19:57] 734,000 events archived (26.3 events/sec avg)
[01:21:09] 736,000 events archived (26.3 events/sec avg)
[01:36:26] 738,000 events archived (25.6 events/sec avg)
[01:37:45] 740,000 events archived (25.6 events/sec avg)
[01:39:00] 742,000 events archived (25.6 events/sec avg)
[01:40:09] 744,000 events archived (25.6 events/sec avg)
[01:41:13] 746,000 events archived (25.6 events/sec avg)
[01:42:12] 748,000 events archived (25.6 events/sec avg)
[01:43:25] 750,000 events archived (25.6 events/sec avg)
[01:44:33] 752,000 events archived (25.6 events/sec avg)
[01:45:59] 754,000 events archived (25.6 events/sec avg)
[01:46:50] 756,000 events archived (25.6 events/sec avg)
[01:48:04] 758,000 events archived (25.7 events/sec avg)
[01:48:59] 760,000 events archived (25.7 events/sec avg)
[01:50:06] 762,000 events archived (25.7 events/sec avg)
[01:51:13] 764,000 events archived (25.7 events/sec avg)
[01:52:36] 766,000 events archived (25.7 events/sec avg)
[01:54:06] 768,000 events archived (25.7 events/sec avg)
[01:55:23] 770,000 events archived (25.7 events/sec avg)
[01:56:58] 772,000 events archived (25.7 events/sec avg)
[01:58:10] 774,000 events archived (25.7 events/sec avg)
[01:59:39] 776,000 events archived (25.7 events/sec avg)
[02:00:55] 778,000 events archived (25.7 events/sec avg)
[02:02:04] 780,000 events archived (25.7 events/sec avg)
[02:03:27] 782,000 events archived (25.7 events/sec avg)
[02:05:02] 784,000 events archived (25.6 events/sec avg)
[02:06:13] 786,000 events archived (25.7 events/sec avg)
[02:07:10] 788,000 events archived (25.7 events/sec avg)
[02:08:10] 790,000 events archived (25.7 events/sec avg)
[02:09:40] 792,000 events archived (25.7 events/sec avg)
[02:10:56] 794,000 events archived (25.7 events/sec avg)
[02:12:00] 796,000 events archived (25.7 events/sec avg)
[02:13:21] 798,000 events archived (25.7 events/sec avg)
[02:14:46] 800,000 events archived (25.7 events/sec avg)
[02:15:53] 802,000 events archived (25.7 events/sec avg)
[02:16:57] 804,000 events archived (25.7 events/sec avg)
[02:18:17] 806,000 events archived (25.7 events/sec avg)
[02:19:35] 808,000 events archived (25.7 events/sec avg)
[02:20:58] 810,000 events archived (25.7 events/sec avg)
[02:22:10] 812,000 events archived (25.7 events/sec avg)
[02:23:06] 814,000 events archived (25.7 events/sec avg)
[02:24:21] 816,000 events archived (25.7 events/sec avg)
[02:25:29] 818,000 events archived (25.7 events/sec avg)
[02:26:32] 820,000 events archived (25.7 events/sec avg)
[02:27:48] 822,000 events archived (25.7 events/sec avg)
[02:29:25] 824,000 events archived (25.7 events/sec avg)
[02:30:45] 826,000 events archived (25.7 events/sec avg)
[02:31:57] 828,000 events archived (25.7 events/sec avg)
[02:33:12] 830,000 events archived (25.7 events/sec avg)
[02:34:33] 832,000 events archived (25.7 events/sec avg)
[02:35:48] 834,000 events archived (25.7 events/sec avg)
[02:37:06] 836,000 events archived (25.7 events/sec avg)
[02:38:13] 838,000 events archived (25.7 events/sec avg)
[02:39:29] 840,000 events archived (25.7 events/sec avg)
[02:40:25] 842,000 events archived (25.8 events/sec avg)
[02:41:43] 844,000 events archived (25.8 events/sec avg)
[02:42:44] 846,000 events archived (25.8 events/sec avg)
[02:43:52] 848,000 events archived (25.8 events/sec avg)
[02:45:13] 850,000 events archived (25.8 events/sec avg)
[02:46:24] 852,000 events archived (25.8 events/sec avg)
[02:47:15] 854,000 events archived (25.8 events/sec avg)
[02:48:28] 856,000 events archived (25.8 events/sec avg)
stream connection dropped (Response ended prematurely), reconnecting in 5s...
stream connection dropped (Response ended prematurely), reconnecting in 5s...
stream connection dropped (Response ended prematurely), reconnecting in 5s...
stream connection dropped (Response ended prematurely), reconnecting in 5s...
stream connection dropped (Response ended prematurely), reconnecting in 5s...
stream connection dropped (Response ended prematurely), reconnecting in 5s...
stream connection dropped (Response ended prematurely), reconnecting in 5s...
stream connection dropped (Response ended prematurely), reconnecting in 5s...
stream connection dropped (Response ended prematurely), reconnecting in 5s...
stream connection dropped (Response ended prematurely), reconnecting in 5s...
stream connection dropped (Response ended prematurely), reconnecting in 5s...
stream connection dropped (Response ended prematurely), reconnecting in 5s...
stream connection dropped (Response ended prematurely), reconnecting in 5s...
stream connection dropped (Response ended prematurely), reconnecting in 5s...
stream connection dropped (Response ended prematurely), reconnecting in 5s...
stream connection dropped (Response ended prematurely), reconnecting in 5s...
stream connection dropped (Response ended prematurely), reconnecting in 5s...
stream connection dropped (Response ended prematurely), reconnecting in 5s...
stream connection dropped (Response ended prematurely), reconnecting in 5s...
stream connection dropped (Response ended prematurely), reconnecting in 5s...
stream connection dropped (Response ended prematurely), reconnecting in 5s...
stream connection dropped (Response ended prematurely), reconnecting in 5s...
[02:49:39] 858,000 events archived (25.8 events/sec avg)
[02:50:55] 860,000 events archived (25.8 events/sec avg)
[02:52:19] 862,000 events archived (25.8 events/sec avg)
[02:53:50] 864,000 events archived (25.8 events/sec avg)
[02:55:26] 866,000 events archived (25.8 events/sec avg)
[02:56:54] 868,000 events archived (25.8 events/sec avg)
[02:58:19] 870,000 events archived (25.8 events/sec avg)
[02:59:43] 872,000 events archived (25.8 events/sec avg)
[03:01:07] 874,000 events archived (25.8 events/sec avg)
[03:02:33] 876,000 events archived (25.7 events/sec avg)
[03:04:01] 878,000 events archived (25.7 events/sec avg)
[03:05:28] 880,000 events archived (25.7 events/sec avg)
[03:07:07] 882,000 events archived (25.7 events/sec avg)
[03:08:33] 884,000 events archived (25.7 events/sec avg)
[03:10:12] 886,000 events archived (25.7 events/sec avg)
[03:11:46] 888,000 events archived (25.7 events/sec avg)
[03:13:25] 890,000 events archived (25.7 events/sec avg)
[03:14:55] 892,000 events archived (25.7 events/sec avg)
[03:16:36] 894,000 events archived (25.6 events/sec avg)
[03:18:06] 896,000 events archived (25.6 events/sec avg)
[03:19:31] 898,000 events archived (25.6 events/sec avg)
[03:20:41] 900,000 events archived (25.6 events/sec avg)
[03:22:01] 902,000 events archived (25.6 events/sec avg)
[03:23:20] 904,000 events archived (25.6 events/sec avg)
[03:24:30] 906,000 events archived (25.6 events/sec avg)
[03:25:53] 908,000 events archived (25.6 events/sec avg)
[03:27:14] 910,000 events archived (25.6 events/sec avg)
[03:28:32] 912,000 events archived (25.6 events/sec avg)
[03:29:47] 914,000 events archived (25.6 events/sec avg)
[03:30:59] 916,000 events archived (25.6 events/sec avg)
[03:32:31] 918,000 events archived (25.6 events/sec avg)
[03:34:01] 920,000 events archived (25.6 events/sec avg)
[03:35:15] 922,000 events archived (25.6 events/sec avg)
[03:36:32] 924,000 events archived (25.6 events/sec avg)
[03:37:40] 926,000 events archived (25.6 events/sec avg)
[03:38:57] 928,000 events archived (25.6 events/sec avg)
[03:40:15] 930,000 events archived (25.6 events/sec avg)
[03:41:47] 932,000 events archived (25.6 events/sec avg)
[03:43:11] 934,000 events archived (25.6 events/sec avg)
[03:44:32] 936,000 events archived (25.6 events/sec avg)
[03:45:45] 938,000 events archived (25.6 events/sec avg)
[03:47:04] 940,000 events archived (25.6 events/sec avg)
[03:48:24] 942,000 events archived (25.6 events/sec avg)
[03:49:54] 944,000 events archived (25.6 events/sec avg)
[03:51:25] 946,000 events archived (25.6 events/sec avg)
[03:52:35] 948,000 events archived (25.6 events/sec avg)
[03:53:43] 950,000 events archived (25.6 events/sec avg)
[03:54:59] 952,000 events archived (25.6 events/sec avg)
[03:56:12] 954,000 events archived (25.6 events/sec avg)
[03:57:27] 956,000 events archived (25.6 events/sec avg)
[03:58:51] 958,000 events archived (25.6 events/sec avg)
[04:00:26] 960,000 events archived (25.6 events/sec avg)
[04:02:03] 962,000 events archived (25.6 events/sec avg)
[04:03:32] 964,000 events archived (25.6 events/sec avg)
[04:04:54] 966,000 events archived (25.6 events/sec avg)
[04:06:21] 968,000 events archived (25.6 events/sec avg)
[04:07:21] 970,000 events archived (25.6 events/sec avg)
[04:08:55] 972,000 events archived (25.6 events/sec avg)
[04:10:27] 974,000 events archived (25.6 events/sec avg)
[04:11:42] 976,000 events archived (25.6 events/sec avg)
[04:13:01] 978,000 events archived (25.6 events/sec avg)
[04:14:14] 980,000 events archived (25.6 events/sec avg)
[04:15:26] 982,000 events archived (25.6 events/sec avg)
[04:16:33] 984,000 events archived (25.6 events/sec avg)
[04:17:55] 986,000 events archived (25.6 events/sec avg)
[04:19:17] 988,000 events archived (25.6 events/sec avg)
[04:20:39] 990,000 events archived (25.6 events/sec avg)
[04:22:06] 992,000 events archived (25.6 events/sec avg)
[04:23:33] 994,000 events archived (25.6 events/sec avg)
[04:25:07] 996,000 events archived (25.6 events/sec avg)
[04:26:47] 998,000 events archived (25.5 events/sec avg)
[04:28:15] 1,000,000 events archived (25.5 events/sec avg)
[04:29:40] 1,002,000 events archived (25.5 events/sec avg)
[04:31:00] 1,004,000 events archived (25.5 events/sec avg)
[04:32:14] 1,006,000 events archived (25.5 events/sec avg)
[04:33:43] 1,008,000 events archived (25.5 events/sec avg)
[04:35:08] 1,010,000 events archived (25.5 events/sec avg)
[04:36:40] 1,012,000 events archived (25.5 events/sec avg)
[04:38:27] 1,014,000 events archived (25.5 events/sec avg)
[04:40:17] 1,016,000 events archived (25.5 events/sec avg)
[04:41:54] 1,018,000 events archived (25.5 events/sec avg)
[04:43:25] 1,020,000 events archived (25.5 events/sec avg)
[04:45:02] 1,022,000 events archived (25.4 events/sec avg)
[04:46:33] 1,024,000 events archived (25.4 events/sec avg)
[04:48:16] 1,026,000 events archived (25.4 events/sec avg)
[04:50:16] 1,028,000 events archived (25.4 events/sec avg)
[04:51:53] 1,030,000 events archived (25.4 events/sec avg)
[04:53:28] 1,032,000 events archived (25.4 events/sec avg)
[04:55:04] 1,034,000 events archived (25.4 events/sec avg)
[04:56:34] 1,036,000 events archived (25.4 events/sec avg)
[04:58:18] 1,038,000 events archived (25.3 events/sec avg)
[05:00:18] 1,040,000 events archived (25.3 events/sec avg)
[05:01:50] 1,042,000 events archived (25.3 events/sec avg)
[05:03:37] 1,044,000 events archived (25.3 events/sec avg)
[05:05:07] 1,046,000 events archived (25.3 events/sec avg)
[05:06:25] 1,048,000 events archived (25.3 events/sec avg)
[05:07:36] 1,050,000 events archived (25.3 events/sec avg)
[05:09:05] 1,052,000 events archived (25.3 events/sec avg)
[05:10:54] 1,054,000 events archived (25.3 events/sec avg)
[05:12:40] 1,056,000 events archived (25.2 events/sec avg)
[05:14:29] 1,058,000 events archived (25.2 events/sec avg)
[05:15:56] 1,060,000 events archived (25.2 events/sec avg)
[05:17:45] 1,062,000 events archived (25.2 events/sec avg)
[05:19:32] 1,064,000 events archived (25.2 events/sec avg)
[05:20:56] 1,066,000 events archived (25.2 events/sec avg)
[05:22:26] 1,068,000 events archived (25.2 events/sec avg)
[05:23:48] 1,070,000 events archived (25.2 events/sec avg)
[05:25:19] 1,072,000 events archived (25.2 events/sec avg)
[05:26:55] 1,074,000 events archived (25.2 events/sec avg)
[05:28:37] 1,076,000 events archived (25.1 events/sec avg)
[05:30:15] 1,078,000 events archived (25.1 events/sec avg)
[05:31:49] 1,080,000 events archived (25.1 events/sec avg)
[05:33:22] 1,082,000 events archived (25.1 events/sec avg)
[05:34:58] 1,084,000 events archived (25.1 events/sec avg)
[05:36:40] 1,086,000 events archived (25.1 events/sec avg)
[05:38:23] 1,088,000 events archived (25.1 events/sec avg)
[05:40:11] 1,090,000 events archived (25.1 events/sec avg)
[05:41:25] 1,092,000 events archived (25.1 events/sec avg)
[05:43:07] 1,094,000 events archived (25.1 events/sec avg)
[05:44:47] 1,096,000 events archived (25.0 events/sec avg)
[05:46:19] 1,098,000 events archived (25.0 events/sec avg)
[05:48:01] 1,100,000 events archived (25.0 events/sec avg)
[05:49:31] 1,102,000 events archived (25.0 events/sec avg)
[05:51:17] 1,104,000 events archived (25.0 events/sec avg)
[05:52:48] 1,106,000 events archived (25.0 events/sec avg)
[05:54:11] 1,108,000 events archived (25.0 events/sec avg)
[05:55:23] 1,110,000 events archived (25.0 events/sec avg)
[05:56:52] 1,112,000 events archived (25.0 events/sec avg)
[05:58:15] 1,114,000 events archived (25.0 events/sec avg)
[05:59:43] 1,116,000 events archived (25.0 events/sec avg)
[06:01:00] 1,118,000 events archived (25.0 events/sec avg)
[06:02:22] 1,120,000 events archived (25.0 events/sec avg)
[06:03:37] 1,122,000 events archived (25.0 events/sec avg)
[06:05:08] 1,124,000 events archived (25.0 events/sec avg)
[06:06:27] 1,126,000 events archived (25.0 events/sec avg)
[06:07:52] 1,128,000 events archived (25.0 events/sec avg)
[06:09:20] 1,130,000 events archived (25.0 events/sec avg)
[06:10:21] 1,132,000 events archived (25.0 events/sec avg)
[06:11:32] 1,134,000 events archived (25.0 events/sec avg)
[06:13:07] 1,136,000 events archived (25.0 events/sec avg)
[06:14:31] 1,138,000 events archived (25.0 events/sec avg)
stream connection dropped (Response ended prematurely), reconnecting in 5s...
stream connection dropped (Response ended prematurely), reconnecting in 5s...
stream connection dropped (Response ended prematurely), reconnecting in 5s...
stream connection dropped (Response ended prematurely), reconnecting in 5s...
stream connection dropped (Response ended prematurely), reconnecting in 5s...
stream connection dropped (Response ended prematurely), reconnecting in 5s...
stream connection dropped (Response ended prematurely), reconnecting in 5s...
stream connection dropped (Response ended prematurely), reconnecting in 5s...
stream connection dropped (Response ended prematurely), reconnecting in 5s...
stream connection dropped (Response ended prematurely), reconnecting in 5s...
stream connection dropped (Response ended prematurely), reconnecting in 5s...
stream connection dropped (Response ended prematurely), reconnecting in 5s...
stream connection dropped (Response ended prematurely), reconnecting in 5s...
stream connection dropped (Response ended prematurely), reconnecting in 5s...
stream connection dropped (Response ended prematurely), reconnecting in 5s...
stream connection dropped (Response ended prematurely), reconnecting in 5s...
stream connection dropped (Response ended prematurely), reconnecting in 5s...
stream connection dropped (Response ended prematurely), reconnecting in 5s...
stream connection dropped (Response ended prematurely), reconnecting in 5s...
stream connection dropped (Response ended prematurely), reconnecting in 5s...
stream connection dropped (Response ended prematurely), reconnecting in 5s...
stream connection dropped (Response ended prematurely), reconnecting in 5s...
stream connection dropped (Response ended prematurely), reconnecting in 5s...
[06:16:00] 1,140,000 events archived (25.0 events/sec avg)
[06:17:42] 1,142,000 events archived (25.0 events/sec avg)
[06:18:57] 1,144,000 events archived (25.0 events/sec avg)
[06:20:19] 1,146,000 events archived (25.0 events/sec avg)
[06:21:31] 1,148,000 events archived (25.0 events/sec avg)
[06:22:34] 1,150,000 events archived (25.0 events/sec avg)
[06:23:50] 1,152,000 events archived (25.0 events/sec avg)
[06:25:17] 1,154,000 events archived (25.0 events/sec avg)
[06:26:44] 1,156,000 events archived (25.0 events/sec avg)
[06:28:09] 1,158,000 events archived (25.0 events/sec avg)
[06:29:47] 1,160,000 events archived (25.0 events/sec avg)
[06:31:01] 1,162,000 events archived (25.0 events/sec avg)
[06:32:29] 1,164,000 events archived (25.0 events/sec avg)
[06:34:13] 1,166,000 events archived (25.0 events/sec avg)
[06:35:52] 1,168,000 events archived (24.9 events/sec avg)
[06:37:26] 1,170,000 events archived (24.9 events/sec avg)
[06:38:47] 1,172,000 events archived (24.9 events/sec avg)
[06:40:15] 1,174,000 events archived (24.9 events/sec avg)
[06:41:50] 1,176,000 events archived (24.9 events/sec avg)
[06:43:35] 1,178,000 events archived (24.9 events/sec avg)
[06:45:12] 1,180,000 events archived (24.9 events/sec avg)
[06:46:31] 1,182,000 events archived (24.9 events/sec avg)
[06:48:14] 1,184,000 events archived (24.9 events/sec avg)
[06:49:57] 1,186,000 events archived (24.9 events/sec avg)
[06:51:17] 1,188,000 events archived (24.9 events/sec avg)
[06:52:35] 1,190,000 events archived (24.9 events/sec avg)
[06:53:53] 1,192,000 events archived (24.9 events/sec avg)
[06:55:14] 1,194,000 events archived (24.9 events/sec avg)
[06:56:32] 1,196,000 events archived (24.9 events/sec avg)
[06:57:30] 1,198,000 events archived (24.9 events/sec avg)
[06:58:42] 1,200,000 events archived (24.9 events/sec avg)
[07:00:03] 1,202,000 events archived (24.9 events/sec avg)
[07:00:57] 1,204,000 events archived (24.9 events/sec avg)
[07:02:02] 1,206,000 events archived (24.9 events/sec avg)
[07:03:14] 1,208,000 events archived (24.9 events/sec avg)
[07:04:43] 1,210,000 events archived (24.9 events/sec avg)
[07:06:17] 1,212,000 events archived (24.9 events/sec avg)
[07:07:56] 1,214,000 events archived (24.9 events/sec avg)
[07:09:29] 1,216,000 events archived (24.9 events/sec avg)
[07:11:14] 1,218,000 events archived (24.9 events/sec avg)
[07:12:46] 1,220,000 events archived (24.9 events/sec avg)
[07:14:14] 1,222,000 events archived (24.9 events/sec avg)
[07:15:44] 1,224,000 events archived (24.9 events/sec avg)
[07:17:11] 1,226,000 events archived (24.9 events/sec avg)
[07:18:29] 1,228,000 events archived (24.9 events/sec avg)
[07:19:51] 1,230,000 events archived (24.9 events/sec avg)
[07:21:45] 1,232,000 events archived (24.9 events/sec avg)
[07:23:08] 1,234,000 events archived (24.9 events/sec avg)
[07:24:39] 1,236,000 events archived (24.8 events/sec avg)
[07:26:03] 1,238,000 events archived (24.8 events/sec avg)
[07:27:37] 1,240,000 events archived (24.8 events/sec avg)
[07:29:03] 1,242,000 events archived (24.8 events/sec avg)
[07:30:31] 1,244,000 events archived (24.8 events/sec avg)
[07:32:00] 1,246,000 events archived (24.8 events/sec avg)
[07:33:31] 1,248,000 events archived (24.8 events/sec avg)
[07:34:58] 1,250,000 events archived (24.8 events/sec avg)
[07:36:31] 1,252,000 events archived (24.8 events/sec avg)
[07:37:55] 1,254,000 events archived (24.8 events/sec avg)
[07:39:25] 1,256,000 events archived (24.8 events/sec avg)
[07:40:48] 1,258,000 events archived (24.8 events/sec avg)
[07:41:58] 1,260,000 events archived (24.8 events/sec avg)
[07:43:29] 1,262,000 events archived (24.8 events/sec avg)
[07:44:55] 1,264,000 events archived (24.8 events/sec avg)
[07:46:22] 1,266,000 events archived (24.8 events/sec avg)
[07:47:49] 1,268,000 events archived (24.8 events/sec avg)
[07:49:11] 1,270,000 events archived (24.8 events/sec avg)
[07:50:41] 1,272,000 events archived (24.8 events/sec avg)
[07:52:09] 1,274,000 events archived (24.8 events/sec avg)
[07:53:26] 1,276,000 events archived (24.8 events/sec avg)
[07:54:46] 1,278,000 events archived (24.8 events/sec avg)
[07:56:03] 1,280,000 events archived (24.8 events/sec avg)
[07:57:23] 1,282,000 events archived (24.8 events/sec avg)
[07:58:41] 1,284,000 events archived (24.8 events/sec avg)
[08:00:04] 1,286,000 events archived (24.8 events/sec avg)
[08:01:10] 1,288,000 events archived (24.8 events/sec avg)
[08:02:33] 1,290,000 events archived (24.8 events/sec avg)
[08:03:58] 1,292,000 events archived (24.8 events/sec avg)
[08:05:15] 1,294,000 events archived (24.8 events/sec avg)
[08:06:56] 1,296,000 events archived (24.8 events/sec avg)
[08:08:14] 1,298,000 events archived (24.8 events/sec avg)
[08:09:34] 1,300,000 events archived (24.8 events/sec avg)
[08:10:43] 1,302,000 events archived (24.8 events/sec avg)
[08:11:57] 1,304,000 events archived (24.8 events/sec avg)
[08:13:06] 1,306,000 events archived (24.8 events/sec avg)
[08:14:19] 1,308,000 events archived (24.8 events/sec avg)
[08:15:25] 1,310,000 events archived (24.8 events/sec avg)
[08:16:36] 1,312,000 events archived (24.8 events/sec avg)
[08:17:44] 1,314,000 events archived (24.8 events/sec avg)
[08:19:09] 1,316,000 events archived (24.8 events/sec avg)
[08:20:26] 1,318,000 events archived (24.8 events/sec avg)
[08:21:36] 1,320,000 events archived (24.8 events/sec avg)
[08:22:56] 1,322,000 events archived (24.8 events/sec avg)
[08:24:26] 1,324,000 events archived (24.8 events/sec avg)
[08:26:05] 1,326,000 events archived (24.8 events/sec avg)
[08:27:43] 1,328,000 events archived (24.8 events/sec avg)
[08:28:52] 1,330,000 events archived (24.8 events/sec avg)
[08:30:28] 1,332,000 events archived (24.8 events/sec avg)
[08:32:00] 1,334,000 events archived (24.8 events/sec avg)
[08:32:58] 1,336,000 events archived (24.8 events/sec avg)
[08:34:07] 1,338,000 events archived (24.8 events/sec avg)
[08:35:16] 1,340,000 events archived (24.8 events/sec avg)
[08:36:20] 1,342,000 events archived (24.8 events/sec avg)
[08:37:30] 1,344,000 events archived (24.8 events/sec avg)
[08:38:38] 1,346,000 events archived (24.8 events/sec avg)
[08:39:39] 1,348,000 events archived (24.8 events/sec avg)
[08:40:53] 1,350,000 events archived (24.9 events/sec avg)
[08:41:55] 1,352,000 events archived (24.9 events/sec avg)
[08:43:20] 1,354,000 events archived (24.9 events/sec avg)
[08:44:44] 1,356,000 events archived (24.9 events/sec avg)
[08:46:10] 1,358,000 events archived (24.9 events/sec avg)
[08:47:36] 1,360,000 events archived (24.9 events/sec avg)
[08:48:52] 1,362,000 events archived (24.9 events/sec avg)
[08:50:03] 1,364,000 events archived (24.9 events/sec avg)
[08:51:17] 1,366,000 events archived (24.9 events/sec avg)
[08:52:37] 1,368,000 events archived (24.9 events/sec avg)
[08:53:45] 1,370,000 events archived (24.9 events/sec avg)
[08:55:03] 1,372,000 events archived (24.9 events/sec avg)
[08:56:18] 1,374,000 events archived (24.9 events/sec avg)
[08:57:13] 1,376,000 events archived (24.9 events/sec avg)
[08:58:13] 1,378,000 events archived (24.9 events/sec avg)
[08:59:19] 1,380,000 events archived (24.9 events/sec avg)
[09:00:37] 1,382,000 events archived (24.9 events/sec avg)
[09:02:01] 1,384,000 events archived (24.9 events/sec avg)
[09:03:12] 1,386,000 events archived (24.9 events/sec avg)
[09:04:31] 1,388,000 events archived (24.9 events/sec avg)
[09:05:37] 1,390,000 events archived (24.9 events/sec avg)
[09:06:46] 1,392,000 events archived (24.9 events/sec avg)
[09:08:00] 1,394,000 events archived (24.9 events/sec avg)
[09:09:07] 1,396,000 events archived (24.9 events/sec avg)
[09:10:14] 1,398,000 events archived (24.9 events/sec avg)
[09:11:25] 1,400,000 events archived (24.9 events/sec avg)
[09:12:38] 1,402,000 events archived (24.9 events/sec avg)
[09:13:53] 1,404,000 events archived (24.9 events/sec avg)
[09:15:02] 1,406,000 events archived (24.9 events/sec avg)
[09:16:10] 1,408,000 events archived (24.9 events/sec avg)
[09:17:21] 1,410,000 events archived (25.0 events/sec avg)
[09:18:32] 1,412,000 events archived (25.0 events/sec avg)
[09:19:40] 1,414,000 events archived (25.0 events/sec avg)
stream connection dropped (Response ended prematurely), reconnecting in 5s...
stream connection dropped (Response ended prematurely), reconnecting in 5s...
stream connection dropped (Response ended prematurely), reconnecting in 5s...
stream connection dropped (Response ended prematurely), reconnecting in 5s...
stream connection dropped (Response ended prematurely), reconnecting in 5s...
stream connection dropped (Response ended prematurely), reconnecting in 5s...
stream connection dropped (Response ended prematurely), reconnecting in 5s...
stream connection dropped (Response ended prematurely), reconnecting in 5s...
stream connection dropped (Response ended prematurely), reconnecting in 5s...
stream connection dropped (Response ended prematurely), reconnecting in 5s...
stream connection dropped (Response ended prematurely), reconnecting in 5s...
stream connection dropped (HTTPSConnectionPool(host='stream.wikimedia.org', port=443): Read timed out.), reconnecting in 5s...
stream connection dropped (HTTPSConnectionPool(host='stream.wikimedia.org', port=443): Read timed out.), reconnecting in 5s...
stream connection dropped (Response ended prematurely), reconnecting in 5s...
stream connection dropped (Response ended prematurely), reconnecting in 5s...
stream connection dropped (Response ended prematurely), reconnecting in 5s...
stream connection dropped (Response ended prematurely), reconnecting in 5s...
stream connection dropped (Response ended prematurely), reconnecting in 5s...
[09:20:45] 1,416,000 events archived (25.0 events/sec avg)
[09:21:52] 1,418,000 events archived (25.0 events/sec avg)
[09:23:08] 1,420,000 events archived (25.0 events/sec avg)
[09:24:17] 1,422,000 events archived (25.0 events/sec avg)
[09:25:33] 1,424,000 events archived (25.0 events/sec avg)
[09:26:50] 1,426,000 events archived (25.0 events/sec avg)
[09:27:52] 1,428,000 events archived (25.0 events/sec avg)
[09:29:01] 1,430,000 events archived (25.0 events/sec avg)
[09:30:04] 1,432,000 events archived (25.0 events/sec avg)
[09:31:11] 1,434,000 events archived (25.0 events/sec avg)
[09:32:09] 1,436,000 events archived (25.0 events/sec avg)
[09:33:19] 1,438,000 events archived (25.0 events/sec avg)
[09:34:33] 1,440,000 events archived (25.0 events/sec avg)
[09:35:46] 1,442,000 events archived (25.0 events/sec avg)
[09:36:58] 1,444,000 events archived (25.0 events/sec avg)
[09:37:56] 1,446,000 events archived (25.0 events/sec avg)
[09:39:03] 1,448,000 events archived (25.0 events/sec avg)
[09:40:12] 1,450,000 events archived (25.1 events/sec avg)
[09:41:21] 1,452,000 events archived (25.1 events/sec avg)
[09:42:32] 1,454,000 events archived (25.1 events/sec avg)
[09:43:40] 1,456,000 events archived (25.1 events/sec avg)
[09:44:51] 1,458,000 events archived (25.1 events/sec avg)
[09:46:00] 1,460,000 events archived (25.1 events/sec avg)
[09:47:16] 1,462,000 events archived (25.1 events/sec avg)
[09:48:26] 1,464,000 events archived (25.1 events/sec avg)
[09:49:34] 1,466,000 events archived (25.1 events/sec avg)
[09:50:47] 1,468,000 events archived (25.1 events/sec avg)
[09:52:04] 1,470,000 events archived (25.1 events/sec avg)
[09:53:16] 1,472,000 events archived (25.1 events/sec avg)
[09:54:34] 1,474,000 events archived (25.1 events/sec avg)
[09:55:54] 1,476,000 events archived (25.1 events/sec avg)
[09:57:11] 1,478,000 events archived (25.1 events/sec avg)
[09:58:26] 1,480,000 events archived (25.1 events/sec avg)
[09:59:39] 1,482,000 events archived (25.1 events/sec avg)
[10:00:52] 1,484,000 events archived (25.1 events/sec avg)
[10:01:59] 1,486,000 events archived (25.1 events/sec avg)
[10:03:00] 1,488,000 events archived (25.1 events/sec avg)
[10:03:59] 1,490,000 events archived (25.1 events/sec avg)
[10:05:02] 1,492,000 events archived (25.1 events/sec avg)
[10:05:53] 1,494,000 events archived (25.1 events/sec avg)
[10:07:01] 1,496,000 events archived (25.1 events/sec avg)
[10:08:12] 1,498,000 events archived (25.2 events/sec avg)
[10:09:26] 1,500,000 events archived (25.2 events/sec avg)
[10:10:44] 1,502,000 events archived (25.2 events/sec avg)
[10:11:59] 1,504,000 events archived (25.2 events/sec avg)
[10:13:11] 1,506,000 events archived (25.2 events/sec avg)
[10:14:17] 1,508,000 events archived (25.2 events/sec avg)
[10:15:27] 1,510,000 events archived (25.2 events/sec avg)
[10:16:36] 1,512,000 events archived (25.2 events/sec avg)
[10:17:47] 1,514,000 events archived (25.2 events/sec avg)
[10:18:58] 1,516,000 events archived (25.2 events/sec avg)
[10:20:02] 1,518,000 events archived (25.2 events/sec avg)
[10:21:06] 1,520,000 events archived (25.2 events/sec avg)
[10:22:07] 1,522,000 events archived (25.2 events/sec avg)
[10:23:13] 1,524,000 events archived (25.2 events/sec avg)
[10:24:20] 1,526,000 events archived (25.2 events/sec avg)
[10:25:26] 1,528,000 events archived (25.2 events/sec avg)
[10:26:31] 1,530,000 events archived (25.2 events/sec avg)
[10:27:36] 1,532,000 events archived (25.2 events/sec avg)
[10:28:44] 1,534,000 events archived (25.2 events/sec avg)
[10:29:51] 1,536,000 events archived (25.2 events/sec avg)
[10:31:03] 1,538,000 events archived (25.2 events/sec avg)
[10:32:11] 1,540,000 events archived (25.2 events/sec avg)
[10:33:15] 1,542,000 events archived (25.3 events/sec avg)
[10:34:22] 1,544,000 events archived (25.3 events/sec avg)
[10:35:23] 1,546,000 events archived (25.3 events/sec avg)
[10:36:16] 1,548,000 events archived (25.3 events/sec avg)
[10:37:12] 1,550,000 events archived (25.3 events/sec avg)
[10:38:12] 1,552,000 events archived (25.3 events/sec avg)
[10:39:20] 1,554,000 events archived (25.3 events/sec avg)
[10:40:20] 1,556,000 events archived (25.3 events/sec avg)
[10:41:15] 1,558,000 events archived (25.3 events/sec avg)
[10:42:03] 1,560,000 events archived (25.3 events/sec avg)
[10:43:02] 1,562,000 events archived (25.3 events/sec avg)
[10:43:56] 1,564,000 events archived (25.3 events/sec avg)
[10:44:54] 1,566,000 events archived (25.4 events/sec avg)
[10:45:50] 1,568,000 events archived (25.4 events/sec avg)
[10:46:52] 1,570,000 events archived (25.4 events/sec avg)
[10:47:51] 1,572,000 events archived (25.4 events/sec avg)
[10:48:44] 1,574,000 events archived (25.4 events/sec avg)
[10:49:45] 1,576,000 events archived (25.4 events/sec avg)
[10:50:43] 1,578,000 events archived (25.4 events/sec avg)
[10:51:46] 1,580,000 events archived (25.4 events/sec avg)
[10:52:44] 1,582,000 events archived (25.4 events/sec avg)
[11:31:16] 1,584,000 events archived (24.5 events/sec avg)
[11:32:11] 1,586,000 events archived (24.6 events/sec avg)
[11:33:09] 1,588,000 events archived (24.6 events/sec avg)
[11:33:58] 1,590,000 events archived (24.6 events/sec avg)
[11:34:53] 1,592,000 events archived (24.6 events/sec avg)
[11:35:51] 1,594,000 events archived (24.6 events/sec avg)
[11:36:52] 1,596,000 events archived (24.6 events/sec avg)
[11:37:50] 1,598,000 events archived (24.6 events/sec avg)
[11:38:43] 1,600,000 events archived (24.6 events/sec avg)
[11:39:36] 1,602,000 events archived (24.6 events/sec avg)
[11:40:32] 1,604,000 events archived (24.6 events/sec avg)
[11:41:27] 1,606,000 events archived (24.6 events/sec avg)
[11:42:22] 1,608,000 events archived (24.7 events/sec avg)
[11:43:22] 1,610,000 events archived (24.7 events/sec avg)
[11:44:22] 1,612,000 events archived (24.7 events/sec avg)
[11:45:18] 1,614,000 events archived (24.7 events/sec avg)
[11:46:15] 1,616,000 events archived (24.7 events/sec avg)
[11:47:15] 1,618,000 events archived (24.7 events/sec avg)
[11:48:06] 1,620,000 events archived (24.7 events/sec avg)
[11:49:02] 1,622,000 events archived (24.7 events/sec avg)
[11:49:49] 1,624,000 events archived (24.7 events/sec avg)
[11:50:45] 1,626,000 events archived (24.7 events/sec avg)
[11:51:33] 1,628,000 events archived (24.8 events/sec avg)
[11:52:31] 1,630,000 events archived (24.8 events/sec avg)
[11:53:26] 1,632,000 events archived (24.8 events/sec avg)
[11:54:14] 1,634,000 events archived (24.8 events/sec avg)
[11:55:15] 1,636,000 events archived (24.8 events/sec avg)
[11:56:08] 1,638,000 events archived (24.8 events/sec avg)
[11:57:06] 1,640,000 events archived (24.8 events/sec avg)
[11:58:03] 1,642,000 events archived (24.8 events/sec avg)
[11:58:59] 1,644,000 events archived (24.8 events/sec avg)
[11:59:49] 1,646,000 events archived (24.8 events/sec avg)
[12:00:44] 1,648,000 events archived (24.9 events/sec avg)
[12:01:40] 1,650,000 events archived (24.9 events/sec avg)
[12:02:34] 1,652,000 events archived (24.9 events/sec avg)
[12:03:27] 1,654,000 events archived (24.9 events/sec avg)
[12:04:19] 1,656,000 events archived (24.9 events/sec avg)
[12:05:08] 1,658,000 events archived (24.9 events/sec avg)
[12:05:59] 1,660,000 events archived (24.9 events/sec avg)
[12:06:58] 1,662,000 events archived (24.9 events/sec avg)
[12:07:46] 1,664,000 events archived (24.9 events/sec avg)
[12:08:35] 1,666,000 events archived (24.9 events/sec avg)
[12:09:25] 1,668,000 events archived (25.0 events/sec avg)
[12:10:25] 1,670,000 events archived (25.0 events/sec avg)
[12:11:28] 1,672,000 events archived (25.0 events/sec avg)
[12:12:24] 1,674,000 events archived (25.0 events/sec avg)
[12:13:19] 1,676,000 events archived (25.0 events/sec avg)
[12:14:17] 1,678,000 events archived (25.0 events/sec avg)
[12:15:13] 1,680,000 events archived (25.0 events/sec avg)
[12:16:04] 1,682,000 events archived (25.0 events/sec avg)
[12:16:55] 1,684,000 events archived (25.0 events/sec avg)
[12:17:44] 1,686,000 events archived (25.0 events/sec avg)
[12:18:48] 1,688,000 events archived (25.0 events/sec avg)
[12:19:44] 1,690,000 events archived (25.1 events/sec avg)
stream connection dropped (Response ended prematurely), reconnecting in 5s...
stream connection dropped (Response ended prematurely), reconnecting in 5s...
stream connection dropped (Response ended prematurely), reconnecting in 5s...
stream connection dropped (Response ended prematurely), reconnecting in 5s...
stream connection dropped (HTTPSConnectionPool(host='stream.wikimedia.org', port=443): Read timed out.), reconnecting in 5s...
stream connection dropped (HTTPSConnectionPool(host='stream.wikimedia.org', port=443): Max retries exceeded with url: /v2/stream/recentchange (Caused by NameResolutionError("HTTPSConnection(host='stream.wikimedia.org', port=443): Failed to resolve 'stream.wikimedia.org' ([Errno 8] nodename nor servname provided, or not known)"))), reconnecting in 5s...
stream connection dropped (HTTPSConnectionPool(host='stream.wikimedia.org', port=443): Max retries exceeded with url: /v2/stream/recentchange (Caused by NameResolutionError("HTTPSConnection(host='stream.wikimedia.org', port=443): Failed to resolve 'stream.wikimedia.org' ([Errno 8] nodename nor servname provided, or not known)"))), reconnecting in 5s...
stream connection dropped (HTTPSConnectionPool(host='stream.wikimedia.org', port=443): Max retries exceeded with url: /v2/stream/recentchange (Caused by NameResolutionError("HTTPSConnection(host='stream.wikimedia.org', port=443): Failed to resolve 'stream.wikimedia.org' ([Errno 8] nodename nor servname provided, or not known)"))), reconnecting in 5s...
stream connection dropped (HTTPSConnectionPool(host='stream.wikimedia.org', port=443): Max retries exceeded with url: /v2/stream/recentchange (Caused by NameResolutionError("HTTPSConnection(host='stream.wikimedia.org', port=443): Failed to resolve 'stream.wikimedia.org' ([Errno 8] nodename nor servname provided, or not known)"))), reconnecting in 5s...
stream connection dropped (HTTPSConnectionPool(host='stream.wikimedia.org', port=443): Max retries exceeded with url: /v2/stream/recentchange (Caused by NameResolutionError("HTTPSConnection(host='stream.wikimedia.org', port=443): Failed to resolve 'stream.wikimedia.org' ([Errno 8] nodename nor servname provided, or not known)"))), reconnecting in 5s...
stream connection dropped (HTTPSConnectionPool(host='stream.wikimedia.org', port=443): Max retries exceeded with url: /v2/stream/recentchange (Caused by NameResolutionError("HTTPSConnection(host='stream.wikimedia.org', port=443): Failed to resolve 'stream.wikimedia.org' ([Errno 8] nodename nor servname provided, or not known)"))), reconnecting in 5s...
stream connection dropped (HTTPSConnectionPool(host='stream.wikimedia.org', port=443): Max retries exceeded with url: /v2/stream/recentchange (Caused by NameResolutionError("HTTPSConnection(host='stream.wikimedia.org', port=443): Failed to resolve 'stream.wikimedia.org' ([Errno 8] nodename nor servname provided, or not known)"))), reconnecting in 5s...
stream connection dropped (HTTPSConnectionPool(host='stream.wikimedia.org', port=443): Max retries exceeded with url: /v2/stream/recentchange (Caused by NameResolutionError("HTTPSConnection(host='stream.wikimedia.org', port=443): Failed to resolve 'stream.wikimedia.org' ([Errno 8] nodename nor servname provided, or not known)"))), reconnecting in 5s...
stream connection dropped (HTTPSConnectionPool(host='stream.wikimedia.org', port=443): Max retries exceeded with url: /v2/stream/recentchange (Caused by NameResolutionError("HTTPSConnection(host='stream.wikimedia.org', port=443): Failed to resolve 'stream.wikimedia.org' ([Errno 8] nodename nor servname provided, or not known)"))), reconnecting in 5s...
stream connection dropped (HTTPSConnectionPool(host='stream.wikimedia.org', port=443): Read timed out.), reconnecting in 5s...
stream connection dropped (HTTPSConnectionPool(host='stream.wikimedia.org', port=443): Max retries exceeded with url: /v2/stream/recentchange (Caused by NameResolutionError("HTTPSConnection(host='stream.wikimedia.org', port=443): Failed to resolve 'stream.wikimedia.org' ([Errno 8] nodename nor servname provided, or not known)"))), reconnecting in 5s...
stream connection dropped (HTTPSConnectionPool(host='stream.wikimedia.org', port=443): Read timed out.), reconnecting in 5s...
stream connection dropped (HTTPSConnectionPool(host='stream.wikimedia.org', port=443): Max retries exceeded with url: /v2/stream/recentchange (Caused by NameResolutionError("HTTPSConnection(host='stream.wikimedia.org', port=443): Failed to resolve 'stream.wikimedia.org' ([Errno 8] nodename nor servname provided, or not known)"))), reconnecting in 5s...
stream connection dropped (HTTPSConnectionPool(host='stream.wikimedia.org', port=443): Max retries exceeded with url: /v2/stream/recentchange (Caused by NameResolutionError("HTTPSConnection(host='stream.wikimedia.org', port=443): Failed to resolve 'stream.wikimedia.org' ([Errno 8] nodename nor servname provided, or not known)"))), reconnecting in 5s...
stream connection dropped (("Connection broken: ConnectionResetError(54, 'Connection reset by peer')", ConnectionResetError(54, 'Connection reset by peer'))), reconnecting in 5s...
stream connection dropped (("Connection broken: ConnectionResetError(54, 'Connection reset by peer')", ConnectionResetError(54, 'Connection reset by peer'))), reconnecting in 5s...
stream connection dropped (HTTPSConnectionPool(host='stream.wikimedia.org', port=443): Max retries exceeded with url: /v2/stream/recentchange (Caused by NameResolutionError("HTTPSConnection(host='stream.wikimedia.org', port=443): Failed to resolve 'stream.wikimedia.org' ([Errno 8] nodename nor servname provided, or not known)"))), reconnecting in 5s...
stream connection dropped (Response ended prematurely), reconnecting in 5s...
stream connection dropped (Response ended prematurely), reconnecting in 5s...
stream connection dropped (Response ended prematurely), reconnecting in 5s...
stream connection dropped (Response ended prematurely), reconnecting in 5s...
stream connection dropped (Response ended prematurely), reconnecting in 5s...
stream connection dropped (Response ended prematurely), reconnecting in 5s...
stream connection dropped (Response ended prematurely), reconnecting in 5s...
stream connection dropped (Response ended prematurely), reconnecting in 5s...
stream connection dropped (Response ended prematurely), reconnecting in 5s...
stream connection dropped (Response ended prematurely), reconnecting in 5s...
stream connection dropped (Response ended prematurely), reconnecting in 5s...
[12:20:40] 1,692,000 events archived (25.1 events/sec avg)
[12:21:40] 1,694,000 events archived (25.1 events/sec avg)
[12:22:36] 1,696,000 events archived (25.1 events/sec avg)
[12:23:26] 1,698,000 events archived (25.1 events/sec avg)
[12:24:10] 1,700,000 events archived (25.1 events/sec avg)
[12:24:54] 1,702,000 events archived (25.1 events/sec avg)
[12:25:41] 1,704,000 events archived (25.1 events/sec avg)
[12:26:27] 1,706,000 events archived (25.1 events/sec avg)
[12:27:17] 1,708,000 events archived (25.2 events/sec avg)
[12:28:14] 1,710,000 events archived (25.2 events/sec avg)
[12:29:16] 1,712,000 events archived (25.2 events/sec avg)
[12:30:21] 1,714,000 events archived (25.2 events/sec avg)
[12:31:13] 1,716,000 events archived (25.2 events/sec avg)
[12:32:11] 1,718,000 events archived (25.2 events/sec avg)
[12:33:00] 1,720,000 events archived (25.2 events/sec avg)
[12:34:02] 1,722,000 events archived (25.2 events/sec avg)
[12:34:55] 1,724,000 events archived (25.2 events/sec avg)
[12:35:41] 1,726,000 events archived (25.2 events/sec avg)
[12:36:48] 1,728,000 events archived (25.2 events/sec avg)
[12:37:51] 1,730,000 events archived (25.2 events/sec avg)
[12:38:44] 1,732,000 events archived (25.3 events/sec avg)
[12:39:51] 1,734,000 events archived (25.3 events/sec avg)
[12:40:57] 1,736,000 events archived (25.3 events/sec avg)
[12:41:43] 1,738,000 events archived (25.3 events/sec avg)
[12:42:31] 1,740,000 events archived (25.3 events/sec avg)
[12:43:25] 1,742,000 events archived (25.3 events/sec avg)
[12:44:19] 1,744,000 events archived (25.3 events/sec avg)
[12:45:19] 1,746,000 events archived (25.3 events/sec avg)
[12:46:13] 1,748,000 events archived (25.3 events/sec avg)
[12:47:11] 1,750,000 events archived (25.3 events/sec avg)
[12:48:00] 1,752,000 events archived (25.3 events/sec avg)
[12:48:45] 1,754,000 events archived (25.3 events/sec avg)
[12:49:37] 1,756,000 events archived (25.4 events/sec avg)
[12:50:27] 1,758,000 events archived (25.4 events/sec avg)
[12:51:18] 1,760,000 events archived (25.4 events/sec avg)
[12:52:10] 1,762,000 events archived (25.4 events/sec avg)
[12:53:03] 1,764,000 events archived (25.4 events/sec avg)
[12:53:54] 1,766,000 events archived (25.4 events/sec avg)
[12:54:55] 1,768,000 events archived (25.4 events/sec avg)
[12:55:46] 1,770,000 events archived (25.4 events/sec avg)
[12:56:40] 1,772,000 events archived (25.4 events/sec avg)
[12:57:38] 1,774,000 events archived (25.4 events/sec avg)
[12:58:22] 1,776,000 events archived (25.5 events/sec avg)
[12:59:10] 1,778,000 events archived (25.5 events/sec avg)
[12:59:58] 1,780,000 events archived (25.5 events/sec avg)
[13:00:50] 1,782,000 events archived (25.5 events/sec avg)
[13:01:41] 1,784,000 events archived (25.5 events/sec avg)
[13:02:25] 1,786,000 events archived (25.5 events/sec avg)
[13:03:16] 1,788,000 events archived (25.5 events/sec avg)
[13:04:01] 1,790,000 events archived (25.5 events/sec avg)
[13:04:56] 1,792,000 events archived (25.5 events/sec avg)
[13:05:45] 1,794,000 events archived (25.6 events/sec avg)
[13:06:33] 1,796,000 events archived (25.6 events/sec avg)
[13:07:22] 1,798,000 events archived (25.6 events/sec avg)
[13:08:04] 1,800,000 events archived (25.6 events/sec avg)
[13:08:54] 1,802,000 events archived (25.6 events/sec avg)
[13:26:18] 1,804,000 events archived (25.3 events/sec avg)
[13:30:00] 1,806,000 events archived (25.2 events/sec avg)
[14:01:13] 1,808,000 events archived (24.6 events/sec avg)
[14:09:11] 1,810,000 events archived (24.5 events/sec avg)
[14:09:57] 1,812,000 events archived (24.5 events/sec avg)
[14:10:49] 1,814,000 events archived (24.5 events/sec avg)
[14:11:44] 1,816,000 events archived (24.5 events/sec avg)
[14:12:36] 1,818,000 events archived (24.5 events/sec avg)
[14:13:29] 1,820,000 events archived (24.5 events/sec avg)
[14:14:33] 1,822,000 events archived (24.5 events/sec avg)
[14:15:34] 1,824,000 events archived (24.5 events/sec avg)
[14:16:30] 1,826,000 events archived (24.5 events/sec avg)
[14:17:23] 1,828,000 events archived (24.5 events/sec avg)
[14:18:20] 1,830,000 events archived (24.5 events/sec avg)
[14:19:18] 1,832,000 events archived (24.5 events/sec avg)
[14:20:15] 1,834,000 events archived (24.6 events/sec avg)
[14:21:07] 1,836,000 events archived (24.6 events/sec avg)
[14:22:00] 1,838,000 events archived (24.6 events/sec avg)
[14:23:02] 1,840,000 events archived (24.6 events/sec avg)
[14:24:02] 1,842,000 events archived (24.6 events/sec avg)
[14:24:59] 1,844,000 events archived (24.6 events/sec avg)
[14:25:55] 1,846,000 events archived (24.6 events/sec avg)
[14:26:51] 1,848,000 events archived (24.6 events/sec avg)
[14:27:46] 1,850,000 events archived (24.6 events/sec avg)
[14:28:44] 1,852,000 events archived (24.6 events/sec avg)
[14:29:41] 1,854,000 events archived (24.6 events/sec avg)
[14:30:33] 1,856,000 events archived (24.6 events/sec avg)
[14:31:24] 1,858,000 events archived (24.7 events/sec avg)
[14:32:23] 1,860,000 events archived (24.7 events/sec avg)
[14:33:24] 1,862,000 events archived (24.7 events/sec avg)
[14:34:24] 1,864,000 events archived (24.7 events/sec avg)
[14:35:16] 1,866,000 events archived (24.7 events/sec avg)
[14:36:09] 1,868,000 events archived (24.7 events/sec avg)
[14:37:10] 1,870,000 events archived (24.7 events/sec avg)
[14:38:12] 1,872,000 events archived (24.7 events/sec avg)
[14:39:10] 1,874,000 events archived (24.7 events/sec avg)
[14:40:06] 1,876,000 events archived (24.7 events/sec avg)
[14:41:06] 1,878,000 events archived (24.7 events/sec avg)
[14:42:02] 1,880,000 events archived (24.7 events/sec avg)
[14:43:00] 1,882,000 events archived (24.7 events/sec avg)
[14:44:02] 1,884,000 events archived (24.8 events/sec avg)
[14:45:04] 1,886,000 events archived (24.8 events/sec avg)
[14:46:08] 1,888,000 events archived (24.8 events/sec avg)
[14:47:09] 1,890,000 events archived (24.8 events/sec avg)
[14:47:59] 1,892,000 events archived (24.8 events/sec avg)
[14:48:51] 1,894,000 events archived (24.8 events/sec avg)
[14:49:43] 1,896,000 events archived (24.8 events/sec avg)
[14:50:41] 1,898,000 events archived (24.8 events/sec avg)
[14:51:41] 1,900,000 events archived (24.8 events/sec avg)
[14:52:43] 1,902,000 events archived (24.8 events/sec avg)
[14:53:34] 1,904,000 events archived (24.8 events/sec avg)
[14:54:28] 1,906,000 events archived (24.8 events/sec avg)
[14:55:20] 1,908,000 events archived (24.8 events/sec avg)
[14:56:16] 1,910,000 events archived (24.9 events/sec avg)
[14:57:07] 1,912,000 events archived (24.9 events/sec avg)
[14:58:00] 1,914,000 events archived (24.9 events/sec avg)
[14:58:58] 1,916,000 events archived (24.9 events/sec avg)
[15:00:03] 1,918,000 events archived (24.9 events/sec avg)
[15:00:56] 1,920,000 events archived (24.9 events/sec avg)
[15:01:45] 1,922,000 events archived (24.9 events/sec avg)
[15:02:42] 1,924,000 events archived (24.9 events/sec avg)
[15:03:41] 1,926,000 events archived (24.9 events/sec avg)
[15:04:47] 1,928,000 events archived (24.9 events/sec avg)
[15:05:44] 1,930,000 events archived (24.9 events/sec avg)
[15:06:41] 1,932,000 events archived (24.9 events/sec avg)
[15:07:37] 1,934,000 events archived (24.9 events/sec avg)
[15:08:32] 1,936,000 events archived (25.0 events/sec avg)
[15:09:23] 1,938,000 events archived (25.0 events/sec avg)
[15:10:11] 1,940,000 events archived (25.0 events/sec avg)
[15:11:04] 1,942,000 events archived (25.0 events/sec avg)
[15:11:55] 1,944,000 events archived (25.0 events/sec avg)
[15:12:47] 1,946,000 events archived (25.0 events/sec avg)
[15:13:37] 1,948,000 events archived (25.0 events/sec avg)
[15:14:28] 1,950,000 events archived (25.0 events/sec avg)
[15:15:26] 1,952,000 events archived (25.0 events/sec avg)
[15:16:16] 1,954,000 events archived (25.0 events/sec avg)
[15:17:08] 1,956,000 events archived (25.0 events/sec avg)
[15:18:00] 1,958,000 events archived (25.1 events/sec avg)
[15:19:02] 1,960,000 events archived (25.1 events/sec avg)
[15:20:00] 1,962,000 events archived (25.1 events/sec avg)
[15:20:51] 1,964,000 events archived (25.1 events/sec avg)
[15:21:43] 1,966,000 events archived (25.1 events/sec avg)
stream connection dropped (Response ended prematurely), reconnecting in 5s...
stream connection dropped (Response ended prematurely), reconnecting in 5s...
stream connection dropped (Response ended prematurely), reconnecting in 5s...
stream connection dropped (Response ended prematurely), reconnecting in 5s...
stream connection dropped (Response ended prematurely), reconnecting in 5s...
stream connection dropped (Response ended prematurely), reconnecting in 5s...
stream connection dropped (Response ended prematurely), reconnecting in 5s...
stream connection dropped (Response ended prematurely), reconnecting in 5s...
stream connection dropped (Response ended prematurely), reconnecting in 5s...
stream connection dropped (Response ended prematurely), reconnecting in 5s...
stream connection dropped (Response ended prematurely), reconnecting in 5s...
stream connection dropped (('Connection broken: IncompleteRead(353 bytes read, 159 more expected)', IncompleteRead(353 bytes read, 159 more expected))), reconnecting in 5s...
stream connection dropped (HTTPSConnectionPool(host='stream.wikimedia.org', port=443): Max retries exceeded with url: /v2/stream/recentchange (Caused by NameResolutionError("HTTPSConnection(host='stream.wikimedia.org', port=443): Failed to resolve 'stream.wikimedia.org' ([Errno 8] nodename nor servname provided, or not known)"))), reconnecting in 5s...
stream connection dropped (HTTPSConnectionPool(host='stream.wikimedia.org', port=443): Max retries exceeded with url: /v2/stream/recentchange (Caused by NameResolutionError("HTTPSConnection(host='stream.wikimedia.org', port=443): Failed to resolve 'stream.wikimedia.org' ([Errno 8] nodename nor servname provided, or not known)"))), reconnecting in 5s...
stream connection dropped (HTTPSConnectionPool(host='stream.wikimedia.org', port=443): Max retries exceeded with url: /v2/stream/recentchange (Caused by NameResolutionError("HTTPSConnection(host='stream.wikimedia.org', port=443): Failed to resolve 'stream.wikimedia.org' ([Errno 8] nodename nor servname provided, or not known)"))), reconnecting in 5s...
stream connection dropped (HTTPSConnectionPool(host='stream.wikimedia.org', port=443): Max retries exceeded with url: /v2/stream/recentchange (Caused by NameResolutionError("HTTPSConnection(host='stream.wikimedia.org', port=443): Failed to resolve 'stream.wikimedia.org' ([Errno 8] nodename nor servname provided, or not known)"))), reconnecting in 5s...
stream connection dropped (HTTPSConnectionPool(host='stream.wikimedia.org', port=443): Max retries exceeded with url: /v2/stream/recentchange (Caused by NameResolutionError("HTTPSConnection(host='stream.wikimedia.org', port=443): Failed to resolve 'stream.wikimedia.org' ([Errno 8] nodename nor servname provided, or not known)"))), reconnecting in 5s...
stream connection dropped (HTTPSConnectionPool(host='stream.wikimedia.org', port=443): Max retries exceeded with url: /v2/stream/recentchange (Caused by NameResolutionError("HTTPSConnection(host='stream.wikimedia.org', port=443): Failed to resolve 'stream.wikimedia.org' ([Errno 8] nodename nor servname provided, or not known)"))), reconnecting in 5s...
stream connection dropped (HTTPSConnectionPool(host='stream.wikimedia.org', port=443): Read timed out.), reconnecting in 5s...
stream connection dropped (HTTPSConnectionPool(host='stream.wikimedia.org', port=443): Max retries exceeded with url: /v2/stream/recentchange (Caused by NameResolutionError("HTTPSConnection(host='stream.wikimedia.org', port=443): Failed to resolve 'stream.wikimedia.org' ([Errno 8] nodename nor servname provided, or not known)"))), reconnecting in 5s...
stream connection dropped (HTTPSConnectionPool(host='stream.wikimedia.org', port=443): Max retries exceeded with url: /v2/stream/recentchange (Caused by NameResolutionError("HTTPSConnection(host='stream.wikimedia.org', port=443): Failed to resolve 'stream.wikimedia.org' ([Errno 8] nodename nor servname provided, or not known)"))), reconnecting in 5s...
stream connection dropped (HTTPSConnectionPool(host='stream.wikimedia.org', port=443): Max retries exceeded with url: /v2/stream/recentchange (Caused by NameResolutionError("HTTPSConnection(host='stream.wikimedia.org', port=443): Failed to resolve 'stream.wikimedia.org' ([Errno 8] nodename nor servname provided, or not known)"))), reconnecting in 5s...
stream connection dropped (HTTPSConnectionPool(host='stream.wikimedia.org', port=443): Max retries exceeded with url: /v2/stream/recentchange (Caused by NameResolutionError("HTTPSConnection(host='stream.wikimedia.org', port=443): Failed to resolve 'stream.wikimedia.org' ([Errno 8] nodename nor servname provided, or not known)"))), reconnecting in 5s...
stream connection dropped (HTTPSConnectionPool(host='stream.wikimedia.org', port=443): Max retries exceeded with url: /v2/stream/recentchange (Caused by NameResolutionError("HTTPSConnection(host='stream.wikimedia.org', port=443): Failed to resolve 'stream.wikimedia.org' ([Errno 8] nodename nor servname provided, or not known)"))), reconnecting in 5s...
stream connection dropped (HTTPSConnectionPool(host='stream.wikimedia.org', port=443): Max retries exceeded with url: /v2/stream/recentchange (Caused by NameResolutionError("HTTPSConnection(host='stream.wikimedia.org', port=443): Failed to resolve 'stream.wikimedia.org' ([Errno 8] nodename nor servname provided, or not known)"))), reconnecting in 5s...
stream connection dropped (HTTPSConnectionPool(host='stream.wikimedia.org', port=443): Max retries exceeded with url: /v2/stream/recentchange (Caused by NameResolutionError("HTTPSConnection(host='stream.wikimedia.org', port=443): Failed to resolve 'stream.wikimedia.org' ([Errno 8] nodename nor servname provided, or not known)"))), reconnecting in 5s...
stream connection dropped (HTTPSConnectionPool(host='stream.wikimedia.org', port=443): Max retries exceeded with url: /v2/stream/recentchange (Caused by NameResolutionError("HTTPSConnection(host='stream.wikimedia.org', port=443): Failed to resolve 'stream.wikimedia.org' ([Errno 8] nodename nor servname provided, or not known)"))), reconnecting in 5s...
stream connection dropped (HTTPSConnectionPool(host='stream.wikimedia.org', port=443): Max retries exceeded with url: /v2/stream/recentchange (Caused by NameResolutionError("HTTPSConnection(host='stream.wikimedia.org', port=443): Failed to resolve 'stream.wikimedia.org' ([Errno 8] nodename nor servname provided, or not known)"))), reconnecting in 5s...
stream connection dropped (HTTPSConnectionPool(host='stream.wikimedia.org', port=443): Max retries exceeded with url: /v2/stream/recentchange (Caused by NameResolutionError("HTTPSConnection(host='stream.wikimedia.org', port=443): Failed to resolve 'stream.wikimedia.org' ([Errno 8] nodename nor servname provided, or not known)"))), reconnecting in 5s...
stream connection dropped (HTTPSConnectionPool(host='stream.wikimedia.org', port=443): Max retries exceeded with url: /v2/stream/recentchange (Caused by NameResolutionError("HTTPSConnection(host='stream.wikimedia.org', port=443): Failed to resolve 'stream.wikimedia.org' ([Errno 8] nodename nor servname provided, or not known)"))), reconnecting in 5s...
stream connection dropped (HTTPSConnectionPool(host='stream.wikimedia.org', port=443): Max retries exceeded with url: /v2/stream/recentchange (Caused by NameResolutionError("HTTPSConnection(host='stream.wikimedia.org', port=443): Failed to resolve 'stream.wikimedia.org' ([Errno 8] nodename nor servname provided, or not known)"))), reconnecting in 5s...
stream connection dropped (HTTPSConnectionPool(host='stream.wikimedia.org', port=443): Max retries exceeded with url: /v2/stream/recentchange (Caused by NameResolutionError("HTTPSConnection(host='stream.wikimedia.org', port=443): Failed to resolve 'stream.wikimedia.org' ([Errno 8] nodename nor servname provided, or not known)"))), reconnecting in 5s...
stream connection dropped (HTTPSConnectionPool(host='stream.wikimedia.org', port=443): Max retries exceeded with url: /v2/stream/recentchange (Caused by NameResolutionError("HTTPSConnection(host='stream.wikimedia.org', port=443): Failed to resolve 'stream.wikimedia.org' ([Errno 8] nodename nor servname provided, or not known)"))), reconnecting in 5s...
stream connection dropped (HTTPSConnectionPool(host='stream.wikimedia.org', port=443): Max retries exceeded with url: /v2/stream/recentchange (Caused by NameResolutionError("HTTPSConnection(host='stream.wikimedia.org', port=443): Failed to resolve 'stream.wikimedia.org' ([Errno 8] nodename nor servname provided, or not known)"))), reconnecting in 5s...
stream connection dropped (HTTPSConnectionPool(host='stream.wikimedia.org', port=443): Max retries exceeded with url: /v2/stream/recentchange (Caused by NameResolutionError("HTTPSConnection(host='stream.wikimedia.org', port=443): Failed to resolve 'stream.wikimedia.org' ([Errno 8] nodename nor servname provided, or not known)"))), reconnecting in 5s...
stream connection dropped (HTTPSConnectionPool(host='stream.wikimedia.org', port=443): Max retries exceeded with url: /v2/stream/recentchange (Caused by NameResolutionError("HTTPSConnection(host='stream.wikimedia.org', port=443): Failed to resolve 'stream.wikimedia.org' ([Errno 8] nodename nor servname provided, or not known)"))), reconnecting in 5s...
stream connection dropped (HTTPSConnectionPool(host='stream.wikimedia.org', port=443): Max retries exceeded with url: /v2/stream/recentchange (Caused by NameResolutionError("HTTPSConnection(host='stream.wikimedia.org', port=443): Failed to resolve 'stream.wikimedia.org' ([Errno 8] nodename nor servname provided, or not known)"))), reconnecting in 5s...
stream connection dropped (HTTPSConnectionPool(host='stream.wikimedia.org', port=443): Max retries exceeded with url: /v2/stream/recentchange (Caused by NameResolutionError("HTTPSConnection(host='stream.wikimedia.org', port=443): Failed to resolve 'stream.wikimedia.org' ([Errno 8] nodename nor servname provided, or not known)"))), reconnecting in 5s...
stream connection dropped (HTTPSConnectionPool(host='stream.wikimedia.org', port=443): Max retries exceeded with url: /v2/stream/recentchange (Caused by NameResolutionError("HTTPSConnection(host='stream.wikimedia.org', port=443): Failed to resolve 'stream.wikimedia.org' ([Errno 8] nodename nor servname provided, or not known)"))), reconnecting in 5s...
stream connection dropped (HTTPSConnectionPool(host='stream.wikimedia.org', port=443): Max retries exceeded with url: /v2/stream/recentchange (Caused by NameResolutionError("HTTPSConnection(host='stream.wikimedia.org', port=443): Failed to resolve 'stream.wikimedia.org' ([Errno 8] nodename nor servname provided, or not known)"))), reconnecting in 5s...
stream connection dropped (HTTPSConnectionPool(host='stream.wikimedia.org', port=443): Max retries exceeded with url: /v2/stream/recentchange (Caused by NameResolutionError("HTTPSConnection(host='stream.wikimedia.org', port=443): Failed to resolve 'stream.wikimedia.org' ([Errno 8] nodename nor servname provided, or not known)"))), reconnecting in 5s...
stream connection dropped (HTTPSConnectionPool(host='stream.wikimedia.org', port=443): Max retries exceeded with url: /v2/stream/recentchange (Caused by NameResolutionError("HTTPSConnection(host='stream.wikimedia.org', port=443): Failed to resolve 'stream.wikimedia.org' ([Errno 8] nodename nor servname provided, or not known)"))), reconnecting in 5s...
stream connection dropped (HTTPSConnectionPool(host='stream.wikimedia.org', port=443): Max retries exceeded with url: /v2/stream/recentchange (Caused by NameResolutionError("HTTPSConnection(host='stream.wikimedia.org', port=443): Failed to resolve 'stream.wikimedia.org' ([Errno 8] nodename nor servname provided, or not known)"))), reconnecting in 5s...
stream connection dropped (HTTPSConnectionPool(host='stream.wikimedia.org', port=443): Max retries exceeded with url: /v2/stream/recentchange (Caused by NameResolutionError("HTTPSConnection(host='stream.wikimedia.org', port=443): Failed to resolve 'stream.wikimedia.org' ([Errno 8] nodename nor servname provided, or not known)"))), reconnecting in 5s...
stream connection dropped (HTTPSConnectionPool(host='stream.wikimedia.org', port=443): Max retries exceeded with url: /v2/stream/recentchange (Caused by NameResolutionError("HTTPSConnection(host='stream.wikimedia.org', port=443): Failed to resolve 'stream.wikimedia.org' ([Errno 8] nodename nor servname provided, or not known)"))), reconnecting in 5s...
stream connection dropped (HTTPSConnectionPool(host='stream.wikimedia.org', port=443): Max retries exceeded with url: /v2/stream/recentchange (Caused by NameResolutionError("HTTPSConnection(host='stream.wikimedia.org', port=443): Failed to resolve 'stream.wikimedia.org' ([Errno 8] nodename nor servname provided, or not known)"))), reconnecting in 5s...
stream connection dropped (HTTPSConnectionPool(host='stream.wikimedia.org', port=443): Max retries exceeded with url: /v2/stream/recentchange (Caused by NameResolutionError("HTTPSConnection(host='stream.wikimedia.org', port=443): Failed to resolve 'stream.wikimedia.org' ([Errno 8] nodename nor servname provided, or not known)"))), reconnecting in 5s...
stream connection dropped (HTTPSConnectionPool(host='stream.wikimedia.org', port=443): Max retries exceeded with url: /v2/stream/recentchange (Caused by NameResolutionError("HTTPSConnection(host='stream.wikimedia.org', port=443): Failed to resolve 'stream.wikimedia.org' ([Errno 8] nodename nor servname provided, or not known)"))), reconnecting in 5s...
stream connection dropped (HTTPSConnectionPool(host='stream.wikimedia.org', port=443): Max retries exceeded with url: /v2/stream/recentchange (Caused by NameResolutionError("HTTPSConnection(host='stream.wikimedia.org', port=443): Failed to resolve 'stream.wikimedia.org' ([Errno 8] nodename nor servname provided, or not known)"))), reconnecting in 5s...
stream connection dropped (HTTPSConnectionPool(host='stream.wikimedia.org', port=443): Max retries exceeded with url: /v2/stream/recentchange (Caused by NameResolutionError("HTTPSConnection(host='stream.wikimedia.org', port=443): Failed to resolve 'stream.wikimedia.org' ([Errno 8] nodename nor servname provided, or not known)"))), reconnecting in 5s...
stream connection dropped (HTTPSConnectionPool(host='stream.wikimedia.org', port=443): Max retries exceeded with url: /v2/stream/recentchange (Caused by NameResolutionError("HTTPSConnection(host='stream.wikimedia.org', port=443): Failed to resolve 'stream.wikimedia.org' ([Errno 8] nodename nor servname provided, or not known)"))), reconnecting in 5s...
stream connection dropped (HTTPSConnectionPool(host='stream.wikimedia.org', port=443): Max retries exceeded with url: /v2/stream/recentchange (Caused by NameResolutionError("HTTPSConnection(host='stream.wikimedia.org', port=443): Failed to resolve 'stream.wikimedia.org' ([Errno 8] nodename nor servname provided, or not known)"))), reconnecting in 5s...
stream connection dropped (HTTPSConnectionPool(host='stream.wikimedia.org', port=443): Max retries exceeded with url: /v2/stream/recentchange (Caused by NameResolutionError("HTTPSConnection(host='stream.wikimedia.org', port=443): Failed to resolve 'stream.wikimedia.org' ([Errno 8] nodename nor servname provided, or not known)"))), reconnecting in 5s...
stream connection dropped (HTTPSConnectionPool(host='stream.wikimedia.org', port=443): Max retries exceeded with url: /v2/stream/recentchange (Caused by NameResolutionError("HTTPSConnection(host='stream.wikimedia.org', port=443): Failed to resolve 'stream.wikimedia.org' ([Errno 8] nodename nor servname provided, or not known)"))), reconnecting in 5s...
stream connection dropped (HTTPSConnectionPool(host='stream.wikimedia.org', port=443): Max retries exceeded with url: /v2/stream/recentchange (Caused by NameResolutionError("HTTPSConnection(host='stream.wikimedia.org', port=443): Failed to resolve 'stream.wikimedia.org' ([Errno 8] nodename nor servname provided, or not known)"))), reconnecting in 5s...
stream connection dropped (HTTPSConnectionPool(host='stream.wikimedia.org', port=443): Max retries exceeded with url: /v2/stream/recentchange (Caused by NameResolutionError("HTTPSConnection(host='stream.wikimedia.org', port=443): Failed to resolve 'stream.wikimedia.org' ([Errno 8] nodename nor servname provided, or not known)"))), reconnecting in 5s...
stream connection dropped (HTTPSConnectionPool(host='stream.wikimedia.org', port=443): Max retries exceeded with url: /v2/stream/recentchange (Caused by NameResolutionError("HTTPSConnection(host='stream.wikimedia.org', port=443): Failed to resolve 'stream.wikimedia.org' ([Errno 8] nodename nor servname provided, or not known)"))), reconnecting in 5s...
stream connection dropped (HTTPSConnectionPool(host='stream.wikimedia.org', port=443): Max retries exceeded with url: /v2/stream/recentchange (Caused by NameResolutionError("HTTPSConnection(host='stream.wikimedia.org', port=443): Failed to resolve 'stream.wikimedia.org' ([Errno 8] nodename nor servname provided, or not known)"))), reconnecting in 5s...
stream connection dropped (HTTPSConnectionPool(host='stream.wikimedia.org', port=443): Max retries exceeded with url: /v2/stream/recentchange (Caused by NameResolutionError("HTTPSConnection(host='stream.wikimedia.org', port=443): Failed to resolve 'stream.wikimedia.org' ([Errno 8] nodename nor servname provided, or not known)"))), reconnecting in 5s...
stream connection dropped (HTTPSConnectionPool(host='stream.wikimedia.org', port=443): Max retries exceeded with url: /v2/stream/recentchange (Caused by NameResolutionError("HTTPSConnection(host='stream.wikimedia.org', port=443): Failed to resolve 'stream.wikimedia.org' ([Errno 8] nodename nor servname provided, or not known)"))), reconnecting in 5s...
stream connection dropped (HTTPSConnectionPool(host='stream.wikimedia.org', port=443): Max retries exceeded with url: /v2/stream/recentchange (Caused by NameResolutionError("HTTPSConnection(host='stream.wikimedia.org', port=443): Failed to resolve 'stream.wikimedia.org' ([Errno 8] nodename nor servname provided, or not known)"))), reconnecting in 5s...
stream connection dropped (HTTPSConnectionPool(host='stream.wikimedia.org', port=443): Max retries exceeded with url: /v2/stream/recentchange (Caused by NameResolutionError("HTTPSConnection(host='stream.wikimedia.org', port=443): Failed to resolve 'stream.wikimedia.org' ([Errno 8] nodename nor servname provided, or not known)"))), reconnecting in 5s...
stream connection dropped (HTTPSConnectionPool(host='stream.wikimedia.org', port=443): Max retries exceeded with url: /v2/stream/recentchange (Caused by NameResolutionError("HTTPSConnection(host='stream.wikimedia.org', port=443): Failed to resolve 'stream.wikimedia.org' ([Errno 8] nodename nor servname provided, or not known)"))), reconnecting in 5s...
stream connection dropped (HTTPSConnectionPool(host='stream.wikimedia.org', port=443): Max retries exceeded with url: /v2/stream/recentchange (Caused by NameResolutionError("HTTPSConnection(host='stream.wikimedia.org', port=443): Failed to resolve 'stream.wikimedia.org' ([Errno 8] nodename nor servname provided, or not known)"))), reconnecting in 5s...
stream connection dropped (HTTPSConnectionPool(host='stream.wikimedia.org', port=443): Max retries exceeded with url: /v2/stream/recentchange (Caused by NameResolutionError("HTTPSConnection(host='stream.wikimedia.org', port=443): Failed to resolve 'stream.wikimedia.org' ([Errno 8] nodename nor servname provided, or not known)"))), reconnecting in 5s...
stream connection dropped (HTTPSConnectionPool(host='stream.wikimedia.org', port=443): Max retries exceeded with url: /v2/stream/recentchange (Caused by NameResolutionError("HTTPSConnection(host='stream.wikimedia.org', port=443): Failed to resolve 'stream.wikimedia.org' ([Errno 8] nodename nor servname provided, or not known)"))), reconnecting in 5s...
stream connection dropped (HTTPSConnectionPool(host='stream.wikimedia.org', port=443): Max retries exceeded with url: /v2/stream/recentchange (Caused by NameResolutionError("HTTPSConnection(host='stream.wikimedia.org', port=443): Failed to resolve 'stream.wikimedia.org' ([Errno 8] nodename nor servname provided, or not known)"))), reconnecting in 5s...
stream connection dropped (HTTPSConnectionPool(host='stream.wikimedia.org', port=443): Max retries exceeded with url: /v2/stream/recentchange (Caused by NameResolutionError("HTTPSConnection(host='stream.wikimedia.org', port=443): Failed to resolve 'stream.wikimedia.org' ([Errno 8] nodename nor servname provided, or not known)"))), reconnecting in 5s...
stream connection dropped (HTTPSConnectionPool(host='stream.wikimedia.org', port=443): Max retries exceeded with url: /v2/stream/recentchange (Caused by NameResolutionError("HTTPSConnection(host='stream.wikimedia.org', port=443): Failed to resolve 'stream.wikimedia.org' ([Errno 8] nodename nor servname provided, or not known)"))), reconnecting in 5s...
stream connection dropped (HTTPSConnectionPool(host='stream.wikimedia.org', port=443): Max retries exceeded with url: /v2/stream/recentchange (Caused by NameResolutionError("HTTPSConnection(host='stream.wikimedia.org', port=443): Failed to resolve 'stream.wikimedia.org' ([Errno 8] nodename nor servname provided, or not known)"))), reconnecting in 5s...
stream connection dropped (HTTPSConnectionPool(host='stream.wikimedia.org', port=443): Max retries exceeded with url: /v2/stream/recentchange (Caused by NameResolutionError("HTTPSConnection(host='stream.wikimedia.org', port=443): Failed to resolve 'stream.wikimedia.org' ([Errno 8] nodename nor servname provided, or not known)"))), reconnecting in 5s...
stream connection dropped (HTTPSConnectionPool(host='stream.wikimedia.org', port=443): Max retries exceeded with url: /v2/stream/recentchange (Caused by NameResolutionError("HTTPSConnection(host='stream.wikimedia.org', port=443): Failed to resolve 'stream.wikimedia.org' ([Errno 8] nodename nor servname provided, or not known)"))), reconnecting in 5s...
stream connection dropped (HTTPSConnectionPool(host='stream.wikimedia.org', port=443): Max retries exceeded with url: /v2/stream/recentchange (Caused by NameResolutionError("HTTPSConnection(host='stream.wikimedia.org', port=443): Failed to resolve 'stream.wikimedia.org' ([Errno 8] nodename nor servname provided, or not known)"))), reconnecting in 5s...
stream connection dropped (HTTPSConnectionPool(host='stream.wikimedia.org', port=443): Max retries exceeded with url: /v2/stream/recentchange (Caused by NameResolutionError("HTTPSConnection(host='stream.wikimedia.org', port=443): Failed to resolve 'stream.wikimedia.org' ([Errno 8] nodename nor servname provided, or not known)"))), reconnecting in 5s...
stream connection dropped (HTTPSConnectionPool(host='stream.wikimedia.org', port=443): Max retries exceeded with url: /v2/stream/recentchange (Caused by NameResolutionError("HTTPSConnection(host='stream.wikimedia.org', port=443): Failed to resolve 'stream.wikimedia.org' ([Errno 8] nodename nor servname provided, or not known)"))), reconnecting in 5s...
stream connection dropped (HTTPSConnectionPool(host='stream.wikimedia.org', port=443): Max retries exceeded with url: /v2/stream/recentchange (Caused by NameResolutionError("HTTPSConnection(host='stream.wikimedia.org', port=443): Failed to resolve 'stream.wikimedia.org' ([Errno 8] nodename nor servname provided, or not known)"))), reconnecting in 5s...
stream connection dropped (HTTPSConnectionPool(host='stream.wikimedia.org', port=443): Max retries exceeded with url: /v2/stream/recentchange (Caused by NameResolutionError("HTTPSConnection(host='stream.wikimedia.org', port=443): Failed to resolve 'stream.wikimedia.org' ([Errno 8] nodename nor servname provided, or not known)"))), reconnecting in 5s...
stream connection dropped (HTTPSConnectionPool(host='stream.wikimedia.org', port=443): Max retries exceeded with url: /v2/stream/recentchange (Caused by NameResolutionError("HTTPSConnection(host='stream.wikimedia.org', port=443): Failed to resolve 'stream.wikimedia.org' ([Errno 8] nodename nor servname provided, or not known)"))), reconnecting in 5s...
stream connection dropped (HTTPSConnectionPool(host='stream.wikimedia.org', port=443): Max retries exceeded with url: /v2/stream/recentchange (Caused by NameResolutionError("HTTPSConnection(host='stream.wikimedia.org', port=443): Failed to resolve 'stream.wikimedia.org' ([Errno 8] nodename nor servname provided, or not known)"))), reconnecting in 5s...
stream connection dropped (HTTPSConnectionPool(host='stream.wikimedia.org', port=443): Max retries exceeded with url: /v2/stream/recentchange (Caused by NameResolutionError("HTTPSConnection(host='stream.wikimedia.org', port=443): Failed to resolve 'stream.wikimedia.org' ([Errno 8] nodename nor servname provided, or not known)"))), reconnecting in 5s...
stream connection dropped (HTTPSConnectionPool(host='stream.wikimedia.org', port=443): Max retries exceeded with url: /v2/stream/recentchange (Caused by NameResolutionError("HTTPSConnection(host='stream.wikimedia.org', port=443): Failed to resolve 'stream.wikimedia.org' ([Errno 8] nodename nor servname provided, or not known)"))), reconnecting in 5s...
stream connection dropped (HTTPSConnectionPool(host='stream.wikimedia.org', port=443): Max retries exceeded with url: /v2/stream/recentchange (Caused by NameResolutionError("HTTPSConnection(host='stream.wikimedia.org', port=443): Failed to resolve 'stream.wikimedia.org' ([Errno 8] nodename nor servname provided, or not known)"))), reconnecting in 5s...
stream connection dropped (HTTPSConnectionPool(host='stream.wikimedia.org', port=443): Max retries exceeded with url: /v2/stream/recentchange (Caused by NameResolutionError("HTTPSConnection(host='stream.wikimedia.org', port=443): Failed to resolve 'stream.wikimedia.org' ([Errno 8] nodename nor servname provided, or not known)"))), reconnecting in 5s...
stream connection dropped (("Connection broken: ConnectionResetError(54, 'Connection reset by peer')", ConnectionResetError(54, 'Connection reset by peer'))), reconnecting in 5s...
stream connection dropped (Response ended prematurely), reconnecting in 5s...
[15:22:55] 1,968,000 events archived (25.1 events/sec avg)
[15:23:52] 1,970,000 events archived (25.1 events/sec avg)
[15:24:45] 1,972,000 events archived (25.1 events/sec avg)
[15:25:42] 1,974,000 events archived (25.1 events/sec avg)
[15:26:39] 1,976,000 events archived (25.1 events/sec avg)
[15:27:41] 1,978,000 events archived (25.1 events/sec avg)
[15:28:38] 1,980,000 events archived (25.1 events/sec avg)
[15:29:35] 1,982,000 events archived (25.1 events/sec avg)
[15:30:39] 1,984,000 events archived (25.1 events/sec avg)
[15:31:35] 1,986,000 events archived (25.2 events/sec avg)
[15:32:34] 1,988,000 events archived (25.2 events/sec avg)
[15:33:36] 1,990,000 events archived (25.2 events/sec avg)
[15:34:37] 1,992,000 events archived (25.2 events/sec avg)
[15:35:37] 1,994,000 events archived (25.2 events/sec avg)
[15:36:28] 1,996,000 events archived (25.2 events/sec avg)
[15:37:24] 1,998,000 events archived (25.2 events/sec avg)
[15:38:18] 2,000,000 events archived (25.2 events/sec avg)
[15:39:16] 2,002,000 events archived (25.2 events/sec avg)
[15:40:08] 2,004,000 events archived (25.2 events/sec avg)
[15:41:05] 2,006,000 events archived (25.2 events/sec avg)
[15:42:03] 2,008,000 events archived (25.2 events/sec avg)
[15:42:53] 2,010,000 events archived (25.2 events/sec avg)
[15:43:53] 2,012,000 events archived (25.2 events/sec avg)
[15:44:49] 2,014,000 events archived (25.3 events/sec avg)
[15:45:45] 2,016,000 events archived (25.3 events/sec avg)
[15:46:35] 2,018,000 events archived (25.3 events/sec avg)
[15:47:30] 2,020,000 events archived (25.3 events/sec avg)
[15:48:26] 2,022,000 events archived (25.3 events/sec avg)
[15:49:21] 2,024,000 events archived (25.3 events/sec avg)
[15:50:16] 2,026,000 events archived (25.3 events/sec avg)
[15:51:10] 2,028,000 events archived (25.3 events/sec avg)
[15:52:08] 2,030,000 events archived (25.3 events/sec avg)
[15:53:04] 2,032,000 events archived (25.3 events/sec avg)
[15:54:05] 2,034,000 events archived (25.3 events/sec avg)
[15:55:03] 2,036,000 events archived (25.3 events/sec avg)
[15:55:58] 2,038,000 events archived (25.3 events/sec avg)
[15:56:42] 2,040,000 events archived (25.4 events/sec avg)
[15:57:35] 2,042,000 events archived (25.4 events/sec avg)
[15:58:38] 2,044,000 events archived (25.4 events/sec avg)
[15:59:36] 2,046,000 events archived (25.4 events/sec avg)
[16:00:46] 2,048,000 events archived (25.4 events/sec avg)
[16:01:43] 2,050,000 events archived (25.4 events/sec avg)
[16:02:33] 2,052,000 events archived (25.4 events/sec avg)
[16:03:20] 2,054,000 events archived (25.4 events/sec avg)
[16:04:16] 2,056,000 events archived (25.4 events/sec avg)
[16:05:08] 2,058,000 events archived (25.4 events/sec avg)
[16:06:10] 2,060,000 events archived (25.4 events/sec avg)
[16:07:18] 2,062,000 events archived (25.4 events/sec avg)
[16:08:19] 2,064,000 events archived (25.4 events/sec avg)
[16:09:16] 2,066,000 events archived (25.4 events/sec avg)
[16:10:15] 2,068,000 events archived (25.4 events/sec avg)
[16:11:14] 2,070,000 events archived (25.4 events/sec avg)
[16:12:12] 2,072,000 events archived (25.5 events/sec avg)
[16:13:08] 2,074,000 events archived (25.5 events/sec avg)
[16:14:06] 2,076,000 events archived (25.5 events/sec avg)
[16:15:15] 2,078,000 events archived (25.5 events/sec avg)
[16:16:26] 2,080,000 events archived (25.5 events/sec avg)
[16:17:34] 2,082,000 events archived (25.5 events/sec avg)
[16:18:50] 2,084,000 events archived (25.5 events/sec avg)
[16:19:53] 2,086,000 events archived (25.5 events/sec avg)
[16:20:56] 2,088,000 events archived (25.5 events/sec avg)
[16:21:57] 2,090,000 events archived (25.5 events/sec avg)
[16:23:04] 2,092,000 events archived (25.5 events/sec avg)
[16:24:08] 2,094,000 events archived (25.5 events/sec avg)
[16:25:16] 2,096,000 events archived (25.5 events/sec avg)
[16:26:09] 2,098,000 events archived (25.5 events/sec avg)
[16:26:58] 2,100,000 events archived (25.5 events/sec avg)
[16:27:47] 2,102,000 events archived (25.5 events/sec avg)
[16:28:42] 2,104,000 events archived (25.5 events/sec avg)
[16:29:52] 2,106,000 events archived (25.5 events/sec avg)
[16:30:51] 2,108,000 events archived (25.5 events/sec avg)
[16:31:46] 2,110,000 events archived (25.6 events/sec avg)
[16:32:53] 2,112,000 events archived (25.6 events/sec avg)
[16:34:01] 2,114,000 events archived (25.6 events/sec avg)
[16:35:05] 2,116,000 events archived (25.6 events/sec avg)
[16:36:11] 2,118,000 events archived (25.6 events/sec avg)
[16:37:14] 2,120,000 events archived (25.6 events/sec avg)
[16:38:15] 2,122,000 events archived (25.6 events/sec avg)
[16:39:16] 2,124,000 events archived (25.6 events/sec avg)
[16:40:16] 2,126,000 events archived (25.6 events/sec avg)
[16:41:23] 2,128,000 events archived (25.6 events/sec avg)
[16:42:19] 2,130,000 events archived (25.6 events/sec avg)
[16:43:18] 2,132,000 events archived (25.6 events/sec avg)
[16:44:16] 2,134,000 events archived (25.6 events/sec avg)
[16:45:19] 2,136,000 events archived (25.6 events/sec avg)
[16:46:22] 2,138,000 events archived (25.6 events/sec avg)
[16:47:29] 2,140,000 events archived (25.6 events/sec avg)
[16:48:39] 2,142,000 events archived (25.6 events/sec avg)
[16:49:51] 2,144,000 events archived (25.6 events/sec avg)
[16:51:12] 2,146,000 events archived (25.6 events/sec avg)
[16:52:22] 2,148,000 events archived (25.6 events/sec avg)
[16:53:33] 2,150,000 events archived (25.6 events/sec avg)
[16:54:37] 2,152,000 events archived (25.6 events/sec avg)
[16:55:48] 2,154,000 events archived (25.6 events/sec avg)
[16:56:48] 2,156,000 events archived (25.6 events/sec avg)
[16:57:51] 2,158,000 events archived (25.6 events/sec avg)
[16:58:55] 2,160,000 events archived (25.7 events/sec avg)
[16:59:55] 2,162,000 events archived (25.7 events/sec avg)
[17:00:56] 2,164,000 events archived (25.7 events/sec avg)
[17:02:02] 2,166,000 events archived (25.7 events/sec avg)
[17:03:01] 2,168,000 events archived (25.7 events/sec avg)
[17:04:09] 2,170,000 events archived (25.7 events/sec avg)
[17:05:10] 2,172,000 events archived (25.7 events/sec avg)
[17:06:08] 2,174,000 events archived (25.7 events/sec avg)
[17:07:19] 2,176,000 events archived (25.7 events/sec avg)
[17:08:22] 2,178,000 events archived (25.7 events/sec avg)
[17:09:29] 2,180,000 events archived (25.7 events/sec avg)
[17:10:48] 2,182,000 events archived (25.7 events/sec avg)
[17:11:55] 2,184,000 events archived (25.7 events/sec avg)
[17:12:59] 2,186,000 events archived (25.7 events/sec avg)
[17:14:00] 2,188,000 events archived (25.7 events/sec avg)
[17:15:01] 2,190,000 events archived (25.7 events/sec avg)
[17:16:04] 2,192,000 events archived (25.7 events/sec avg)
[17:17:15] 2,194,000 events archived (25.7 events/sec avg)
[17:18:23] 2,196,000 events archived (25.7 events/sec avg)
[17:19:24] 2,198,000 events archived (25.7 events/sec avg)
[17:20:17] 2,200,000 events archived (25.7 events/sec avg)
[17:21:19] 2,202,000 events archived (25.7 events/sec avg)
[17:22:18] 2,204,000 events archived (25.7 events/sec avg)
[17:23:20] 2,206,000 events archived (25.8 events/sec avg)
[17:24:25] 2,208,000 events archived (25.8 events/sec avg)
[17:27:30] 2,210,000 events archived (25.7 events/sec avg)
[17:27:31] 2,212,000 events archived (25.7 events/sec avg)
[17:28:44] 2,214,000 events archived (25.7 events/sec avg)
[20:40:43] 2,216,000 events archived (22.7 events/sec avg)
[20:41:35] 2,218,000 events archived (22.7 events/sec avg)
[20:42:25] 2,220,000 events archived (22.7 events/sec avg)
[20:43:17] 2,222,000 events archived (22.8 events/sec avg)
[20:44:26] 2,224,000 events archived (22.8 events/sec avg)
[20:45:30] 2,226,000 events archived (22.8 events/sec avg)
[20:46:37] 2,228,000 events archived (22.8 events/sec avg)
[20:47:41] 2,230,000 events archived (22.8 events/sec avg)
[20:48:47] 2,232,000 events archived (22.8 events/sec avg)
[20:49:56] 2,234,000 events archived (22.8 events/sec avg)
[20:51:10] 2,236,000 events archived (22.8 events/sec avg)
[20:52:18] 2,238,000 events archived (22.8 events/sec avg)
[20:53:26] 2,240,000 events archived (22.8 events/sec avg)
[20:54:24] 2,242,000 events archived (22.8 events/sec avg)
stream connection dropped (Response ended prematurely), reconnecting in 5s...
stream connection dropped (Response ended prematurely), reconnecting in 5s...
stream connection dropped (Response ended prematurely), reconnecting in 5s...
stream connection dropped (Response ended prematurely), reconnecting in 5s...
stream connection dropped (Response ended prematurely), reconnecting in 5s...
stream connection dropped (("Connection broken: ConnectionResetError(54, 'Connection reset by peer')", ConnectionResetError(54, 'Connection reset by peer'))), reconnecting in 5s...
stream connection dropped (("Connection broken: ConnectionResetError(54, 'Connection reset by peer')", ConnectionResetError(54, 'Connection reset by peer'))), reconnecting in 5s...
stream connection dropped (("Connection broken: ConnectionResetError(54, 'Connection reset by peer')", ConnectionResetError(54, 'Connection reset by peer'))), reconnecting in 5s...
stream connection dropped (Response ended prematurely), reconnecting in 5s...
stream connection dropped (("Connection broken: ConnectionResetError(54, 'Connection reset by peer')", ConnectionResetError(54, 'Connection reset by peer'))), reconnecting in 5s...
stream connection dropped (("Connection broken: ConnectionResetError(54, 'Connection reset by peer')", ConnectionResetError(54, 'Connection reset by peer'))), reconnecting in 5s...
stream connection dropped (("Connection broken: ConnectionResetError(54, 'Connection reset by peer')", ConnectionResetError(54, 'Connection reset by peer'))), reconnecting in 5s...
stream connection dropped (("Connection broken: ConnectionResetError(54, 'Connection reset by peer')", ConnectionResetError(54, 'Connection reset by peer'))), reconnecting in 5s...
stream connection dropped (Response ended prematurely), reconnecting in 5s...
stream connection dropped (Response ended prematurely), reconnecting in 5s...
stream connection dropped (Response ended prematurely), reconnecting in 5s...
stream connection dropped (Response ended prematurely), reconnecting in 5s...
stream connection dropped (Response ended prematurely), reconnecting in 5s...
stream connection dropped (Response ended prematurely), reconnecting in 5s...
stream connection dropped (Response ended prematurely), reconnecting in 5s...
stream connection dropped (Response ended prematurely), reconnecting in 5s...
stream connection dropped (Response ended prematurely), reconnecting in 5s...
stream connection dropped (Response ended prematurely), reconnecting in 5s...
stream connection dropped (Response ended prematurely), reconnecting in 5s...
stream connection dropped (Response ended prematurely), reconnecting in 5s...
stream connection dropped (Response ended prematurely), reconnecting in 5s...
stream connection dropped (Response ended prematurely), reconnecting in 5s...
stream connection dropped (Response ended prematurely), reconnecting in 5s...
[20:56:49] 2,244,000 events archived (22.8 events/sec avg)
[20:58:09] 2,246,000 events archived (22.8 events/sec avg)
[20:59:23] 2,248,000 events archived (22.8 events/sec avg)
[21:00:27] 2,250,000 events archived (22.8 events/sec avg)
[21:01:38] 2,252,000 events archived (22.8 events/sec avg)
[21:02:43] 2,254,000 events archived (22.8 events/sec avg)
[21:03:42] 2,256,000 events archived (22.8 events/sec avg)
[21:04:33] 2,258,000 events archived (22.8 events/sec avg)
[21:05:25] 2,260,000 events archived (22.8 events/sec avg)
[21:06:36] 2,262,000 events archived (22.8 events/sec avg)
[21:07:44] 2,264,000 events archived (22.8 events/sec avg)
[21:09:01] 2,266,000 events archived (22.8 events/sec avg)
[21:10:13] 2,268,000 events archived (22.8 events/sec avg)
[21:11:21] 2,270,000 events archived (22.8 events/sec avg)
[21:12:35] 2,272,000 events archived (22.9 events/sec avg)
[21:13:49] 2,274,000 events archived (22.9 events/sec avg)
[21:15:11] 2,276,000 events archived (22.9 events/sec avg)
[21:16:34] 2,278,000 events archived (22.9 events/sec avg)
[21:17:44] 2,280,000 events archived (22.9 events/sec avg)
[21:19:12] 2,282,000 events archived (22.9 events/sec avg)
[21:20:16] 2,284,000 events archived (22.9 events/sec avg)
[21:21:23] 2,286,000 events archived (22.9 events/sec avg)
[21:22:39] 2,288,000 events archived (22.9 events/sec avg)
[21:23:55] 2,290,000 events archived (22.9 events/sec avg)
[21:25:14] 2,292,000 events archived (22.9 events/sec avg)
[21:26:20] 2,294,000 events archived (22.9 events/sec avg)
[21:27:21] 2,296,000 events archived (22.9 events/sec avg)
[21:28:35] 2,298,000 events archived (22.9 events/sec avg)
[21:29:33] 2,300,000 events archived (22.9 events/sec avg)
[21:30:39] 2,302,000 events archived (22.9 events/sec avg)
[21:31:39] 2,304,000 events archived (22.9 events/sec avg)
[21:32:39] 2,306,000 events archived (22.9 events/sec avg)
[21:33:38] 2,308,000 events archived (22.9 events/sec avg)
[21:34:41] 2,310,000 events archived (22.9 events/sec avg)
[21:35:42] 2,312,000 events archived (22.9 events/sec avg)
[21:36:55] 2,314,000 events archived (22.9 events/sec avg)
[21:38:10] 2,316,000 events archived (22.9 events/sec avg)
[21:39:20] 2,318,000 events archived (22.9 events/sec avg)
[21:40:43] 2,320,000 events archived (22.9 events/sec avg)
[21:41:52] 2,322,000 events archived (22.9 events/sec avg)
[21:43:08] 2,324,000 events archived (23.0 events/sec avg)
[21:44:18] 2,326,000 events archived (23.0 events/sec avg)
[21:45:25] 2,328,000 events archived (23.0 events/sec avg)
[21:46:39] 2,330,000 events archived (23.0 events/sec avg)
[23:47:55] 2,332,000 events archived (21.4 events/sec avg)
[01:30:14] 2,334,000 events archived (20.3 events/sec avg)
[01:31:56] 2,336,000 events archived (20.3 events/sec avg)
[01:33:45] 2,338,000 events archived (20.3 events/sec avg)
[01:35:05] 2,340,000 events archived (20.3 events/sec avg)
[01:36:55] 2,342,000 events archived (20.3 events/sec avg)
[01:38:36] 2,344,000 events archived (20.3 events/sec avg)
[01:40:12] 2,346,000 events archived (20.3 events/sec avg)
[01:42:06] 2,348,000 events archived (20.3 events/sec avg)
[01:43:39] 2,350,000 events archived (20.3 events/sec avg)
[01:45:21] 2,352,000 events archived (20.3 events/sec avg)
[01:46:57] 2,354,000 events archived (20.3 events/sec avg)
[01:48:35] 2,356,000 events archived (20.3 events/sec avg)
[01:50:06] 2,358,000 events archived (20.3 events/sec avg)
[01:51:29] 2,360,000 events archived (20.3 events/sec avg)
[01:52:46] 2,362,000 events archived (20.3 events/sec avg)
[01:54:18] 2,364,000 events archived (20.3 events/sec avg)
[01:56:05] 2,366,000 events archived (20.3 events/sec avg)
[01:57:31] 2,368,000 events archived (20.3 events/sec avg)
[01:59:12] 2,370,000 events archived (20.3 events/sec avg)
[02:00:30] 2,372,000 events archived (20.3 events/sec avg)
[02:01:55] 2,374,000 events archived (20.3 events/sec avg)
[02:03:11] 2,376,000 events archived (20.3 events/sec avg)
[02:04:44] 2,378,000 events archived (20.3 events/sec avg)
[02:06:09] 2,380,000 events archived (20.3 events/sec avg)
[02:07:51] 2,382,000 events archived (20.3 events/sec avg)
[02:09:44] 2,384,000 events archived (20.3 events/sec avg)
[02:11:30] 2,386,000 events archived (20.3 events/sec avg)
[02:13:12] 2,388,000 events archived (20.3 events/sec avg)
[02:15:04] 2,390,000 events archived (20.3 events/sec avg)
[02:16:44] 2,392,000 events archived (20.3 events/sec avg)
[02:18:57] 2,394,000 events archived (20.3 events/sec avg)
[02:20:43] 2,396,000 events archived (20.3 events/sec avg)
[02:22:24] 2,398,000 events archived (20.3 events/sec avg)
[02:24:06] 2,400,000 events archived (20.3 events/sec avg)
[02:25:49] 2,402,000 events archived (20.3 events/sec avg)
[02:27:32] 2,404,000 events archived (20.3 events/sec avg)
[02:29:42] 2,406,000 events archived (20.3 events/sec avg)
[02:31:06] 2,408,000 events archived (20.3 events/sec avg)
[02:32:37] 2,410,000 events archived (20.3 events/sec avg)
[02:34:04] 2,412,000 events archived (20.3 events/sec avg)
[02:35:50] 2,414,000 events archived (20.3 events/sec avg)
[02:37:37] 2,416,000 events archived (20.3 events/sec avg)
[02:39:09] 2,418,000 events archived (20.3 events/sec avg)
[02:40:52] 2,420,000 events archived (20.3 events/sec avg)
[02:42:29] 2,422,000 events archived (20.3 events/sec avg)
[02:44:14] 2,424,000 events archived (20.3 events/sec avg)
[02:45:53] 2,426,000 events archived (20.3 events/sec avg)
[02:47:18] 2,428,000 events archived (20.3 events/sec avg)
[02:48:43] 2,430,000 events archived (20.3 events/sec avg)
[02:50:15] 2,432,000 events archived (20.3 events/sec avg)
[02:51:57] 2,434,000 events archived (20.3 events/sec avg)
[02:53:16] 2,436,000 events archived (20.3 events/sec avg)
[02:54:51] 2,438,000 events archived (20.3 events/sec avg)
[02:56:21] 2,440,000 events archived (20.3 events/sec avg)
[02:57:47] 2,442,000 events archived (20.3 events/sec avg)
[02:59:25] 2,444,000 events archived (20.3 events/sec avg)
[03:00:55] 2,446,000 events archived (20.3 events/sec avg)
[03:02:05] 2,448,000 events archived (20.3 events/sec avg)
[03:03:17] 2,450,000 events archived (20.3 events/sec avg)
[03:04:52] 2,452,000 events archived (20.3 events/sec avg)
[03:06:17] 2,454,000 events archived (20.3 events/sec avg)
[03:08:04] 2,456,000 events archived (20.3 events/sec avg)
[03:09:46] 2,458,000 events archived (20.3 events/sec avg)
[03:11:31] 2,460,000 events archived (20.3 events/sec avg)
[03:13:14] 2,462,000 events archived (20.3 events/sec avg)
[03:14:46] 2,464,000 events archived (20.3 events/sec avg)
[03:16:15] 2,466,000 events archived (20.3 events/sec avg)
[03:17:54] 2,468,000 events archived (20.3 events/sec avg)
[03:19:40] 2,470,000 events archived (20.3 events/sec avg)
[03:21:11] 2,472,000 events archived (20.3 events/sec avg)
[03:22:22] 2,474,000 events archived (20.3 events/sec avg)
[03:23:44] 2,476,000 events archived (20.3 events/sec avg)
[03:25:19] 2,478,000 events archived (20.3 events/sec avg)
[03:26:44] 2,480,000 events archived (20.3 events/sec avg)
[03:28:03] 2,482,000 events archived (20.4 events/sec avg)
[03:29:29] 2,484,000 events archived (20.4 events/sec avg)
[03:30:42] 2,486,000 events archived (20.4 events/sec avg)
[03:32:08] 2,488,000 events archived (20.4 events/sec avg)
[03:33:34] 2,490,000 events archived (20.4 events/sec avg)
[03:34:50] 2,492,000 events archived (20.4 events/sec avg)
[03:36:16] 2,494,000 events archived (20.4 events/sec avg)
[03:37:41] 2,496,000 events archived (20.4 events/sec avg)
[03:38:59] 2,498,000 events archived (20.4 events/sec avg)
[03:40:30] 2,500,000 events archived (20.4 events/sec avg)
[03:42:13] 2,502,000 events archived (20.4 events/sec avg)
[03:43:29] 2,504,000 events archived (20.4 events/sec avg)
[03:44:56] 2,506,000 events archived (20.4 events/sec avg)
[03:46:11] 2,508,000 events archived (20.4 events/sec avg)
[03:47:27] 2,510,000 events archived (20.4 events/sec avg)
[03:48:51] 2,512,000 events archived (20.4 events/sec avg)
[03:50:12] 2,514,000 events archived (20.4 events/sec avg)
[03:51:28] 2,516,000 events archived (20.4 events/sec avg)
[03:52:41] 2,518,000 events archived (20.4 events/sec avg)
stream connection dropped (Response ended prematurely), reconnecting in 5s...
stream connection dropped (Response ended prematurely), reconnecting in 5s...
stream connection dropped (Response ended prematurely), reconnecting in 5s...
stream connection dropped (Response ended prematurely), reconnecting in 5s...
stream connection dropped (Response ended prematurely), reconnecting in 5s...
stream connection dropped (Response ended prematurely), reconnecting in 5s...
stream connection dropped (Response ended prematurely), reconnecting in 5s...
stream connection dropped (Response ended prematurely), reconnecting in 5s...
stream connection dropped (Response ended prematurely), reconnecting in 5s...
stream connection dropped (Response ended prematurely), reconnecting in 5s...
stream connection dropped (Response ended prematurely), reconnecting in 5s...
stream connection dropped (Response ended prematurely), reconnecting in 5s...
stream connection dropped (Response ended prematurely), reconnecting in 5s...
stream connection dropped (Response ended prematurely), reconnecting in 5s...
stream connection dropped (Response ended prematurely), reconnecting in 5s...
stream connection dropped (Response ended prematurely), reconnecting in 5s...
stream connection dropped (Response ended prematurely), reconnecting in 5s...
stream connection dropped (Response ended prematurely), reconnecting in 5s...
stream connection dropped (Response ended prematurely), reconnecting in 5s...
stream connection dropped (Response ended prematurely), reconnecting in 5s...
stream connection dropped (Response ended prematurely), reconnecting in 5s...
[03:53:52] 2,520,000 events archived (20.4 events/sec avg)
[03:55:16] 2,522,000 events archived (20.4 events/sec avg)
[03:56:41] 2,524,000 events archived (20.4 events/sec avg)
[03:58:05] 2,526,000 events archived (20.4 events/sec avg)
[03:59:29] 2,528,000 events archived (20.4 events/sec avg)
[04:00:42] 2,530,000 events archived (20.4 events/sec avg)
[04:01:54] 2,532,000 events archived (20.4 events/sec avg)
[04:03:15] 2,534,000 events archived (20.4 events/sec avg)
[04:04:29] 2,536,000 events archived (20.4 events/sec avg)
[04:05:53] 2,538,000 events archived (20.4 events/sec avg)
[04:07:24] 2,540,000 events archived (20.4 events/sec avg)
[04:08:59] 2,542,000 events archived (20.4 events/sec avg)
[04:10:42] 2,544,000 events archived (20.4 events/sec avg)
[04:11:59] 2,546,000 events archived (20.4 events/sec avg)
[04:13:36] 2,548,000 events archived (20.4 events/sec avg)
[04:15:27] 2,550,000 events archived (20.4 events/sec avg)
[04:17:08] 2,552,000 events archived (20.4 events/sec avg)
[04:18:54] 2,554,000 events archived (20.4 events/sec avg)
[04:20:41] 2,556,000 events archived (20.4 events/sec avg)
[04:22:15] 2,558,000 events archived (20.4 events/sec avg)
[04:23:46] 2,560,000 events archived (20.4 events/sec avg)
[04:25:30] 2,562,000 events archived (20.4 events/sec avg)
[04:27:44] 2,564,000 events archived (20.4 events/sec avg)
[04:30:00] 2,566,000 events archived (20.4 events/sec avg)
[04:31:50] 2,568,000 events archived (20.4 events/sec avg)
[04:33:41] 2,570,000 events archived (20.4 events/sec avg)
[04:35:19] 2,572,000 events archived (20.4 events/sec avg)
[04:36:47] 2,574,000 events archived (20.4 events/sec avg)
[04:38:51] 2,576,000 events archived (20.4 events/sec avg)
[04:40:27] 2,578,000 events archived (20.4 events/sec avg)
[04:42:12] 2,580,000 events archived (20.4 events/sec avg)
[04:43:58] 2,582,000 events archived (20.4 events/sec avg)
[04:45:57] 2,584,000 events archived (20.4 events/sec avg)
[04:47:50] 2,586,000 events archived (20.4 events/sec avg)
[04:49:34] 2,588,000 events archived (20.4 events/sec avg)
[04:51:33] 2,590,000 events archived (20.4 events/sec avg)
[04:53:49] 2,592,000 events archived (20.4 events/sec avg)
[04:56:26] 2,594,000 events archived (20.4 events/sec avg)
[04:58:31] 2,596,000 events archived (20.4 events/sec avg)
[05:00:29] 2,598,000 events archived (20.4 events/sec avg)
[05:01:53] 2,600,000 events archived (20.4 events/sec avg)
[05:03:34] 2,602,000 events archived (20.4 events/sec avg)
[05:05:04] 2,604,000 events archived (20.4 events/sec avg)
[05:07:06] 2,606,000 events archived (20.4 events/sec avg)
[05:08:43] 2,608,000 events archived (20.4 events/sec avg)
[05:10:20] 2,610,000 events archived (20.4 events/sec avg)
[05:11:57] 2,612,000 events archived (20.4 events/sec avg)
[05:13:55] 2,614,000 events archived (20.4 events/sec avg)
[05:15:20] 2,616,000 events archived (20.4 events/sec avg)
[05:17:04] 2,618,000 events archived (20.4 events/sec avg)
[05:18:29] 2,620,000 events archived (20.4 events/sec avg)
[05:20:06] 2,622,000 events archived (20.4 events/sec avg)
[05:21:43] 2,624,000 events archived (20.4 events/sec avg)
[05:23:36] 2,626,000 events archived (20.4 events/sec avg)
[05:25:38] 2,628,000 events archived (20.4 events/sec avg)
[05:27:18] 2,630,000 events archived (20.4 events/sec avg)
[05:29:01] 2,632,000 events archived (20.4 events/sec avg)
[05:30:50] 2,634,000 events archived (20.4 events/sec avg)
[05:32:40] 2,636,000 events archived (20.4 events/sec avg)
[05:34:33] 2,638,000 events archived (20.4 events/sec avg)
[05:36:23] 2,640,000 events archived (20.4 events/sec avg)
[05:38:15] 2,642,000 events archived (20.4 events/sec avg)
[05:40:12] 2,644,000 events archived (20.4 events/sec avg)
[05:41:59] 2,646,000 events archived (20.4 events/sec avg)
[05:43:49] 2,648,000 events archived (20.4 events/sec avg)
[05:45:36] 2,650,000 events archived (20.4 events/sec avg)
[05:47:11] 2,652,000 events archived (20.4 events/sec avg)
[05:48:55] 2,654,000 events archived (20.4 events/sec avg)
[05:50:51] 2,656,000 events archived (20.3 events/sec avg)
[05:52:38] 2,658,000 events archived (20.3 events/sec avg)
[05:54:56] 2,660,000 events archived (20.3 events/sec avg)
[05:57:20] 2,662,000 events archived (20.3 events/sec avg)
[05:59:39] 2,664,000 events archived (20.3 events/sec avg)
[06:01:42] 2,666,000 events archived (20.3 events/sec avg)
[06:03:29] 2,668,000 events archived (20.3 events/sec avg)
[06:05:40] 2,670,000 events archived (20.3 events/sec avg)
[06:07:46] 2,672,000 events archived (20.3 events/sec avg)
[06:09:39] 2,674,000 events archived (20.3 events/sec avg)
[06:11:37] 2,676,000 events archived (20.3 events/sec avg)
[06:13:31] 2,678,000 events archived (20.3 events/sec avg)
[06:15:17] 2,680,000 events archived (20.3 events/sec avg)
[06:16:56] 2,682,000 events archived (20.3 events/sec avg)
[06:18:38] 2,684,000 events archived (20.3 events/sec avg)
[06:20:22] 2,686,000 events archived (20.3 events/sec avg)
[06:22:23] 2,688,000 events archived (20.3 events/sec avg)
[06:24:11] 2,690,000 events archived (20.3 events/sec avg)
[06:26:00] 2,692,000 events archived (20.3 events/sec avg)
[06:27:56] 2,694,000 events archived (20.3 events/sec avg)
[06:29:54] 2,696,000 events archived (20.3 events/sec avg)
[06:31:44] 2,698,000 events archived (20.3 events/sec avg)
[06:33:31] 2,700,000 events archived (20.3 events/sec avg)
[06:35:39] 2,702,000 events archived (20.3 events/sec avg)
[06:37:53] 2,704,000 events archived (20.3 events/sec avg)
[06:39:56] 2,706,000 events archived (20.3 events/sec avg)
[06:41:38] 2,708,000 events archived (20.3 events/sec avg)
[06:43:11] 2,710,000 events archived (20.3 events/sec avg)
[06:45:22] 2,712,000 events archived (20.3 events/sec avg)
[06:46:51] 2,714,000 events archived (20.3 events/sec avg)
[06:48:45] 2,716,000 events archived (20.3 events/sec avg)
[06:50:31] 2,718,000 events archived (20.3 events/sec avg)
[06:52:35] 2,720,000 events archived (20.3 events/sec avg)
[06:54:41] 2,722,000 events archived (20.3 events/sec avg)
[06:56:52] 2,724,000 events archived (20.3 events/sec avg)
[06:59:02] 2,726,000 events archived (20.3 events/sec avg)
[07:00:39] 2,728,000 events archived (20.3 events/sec avg)
[07:02:22] 2,730,000 events archived (20.3 events/sec avg)
[07:04:14] 2,732,000 events archived (20.2 events/sec avg)
[07:05:45] 2,734,000 events archived (20.3 events/sec avg)
[07:07:17] 2,736,000 events archived (20.3 events/sec avg)
[07:08:38] 2,738,000 events archived (20.3 events/sec avg)
[07:09:53] 2,740,000 events archived (20.3 events/sec avg)
[07:11:22] 2,742,000 events archived (20.3 events/sec avg)
[07:12:38] 2,744,000 events archived (20.3 events/sec avg)
[07:14:24] 2,746,000 events archived (20.3 events/sec avg)
[07:15:57] 2,748,000 events archived (20.3 events/sec avg)
[07:17:40] 2,750,000 events archived (20.3 events/sec avg)
[07:19:14] 2,752,000 events archived (20.3 events/sec avg)
[07:20:43] 2,754,000 events archived (20.3 events/sec avg)
[07:22:07] 2,756,000 events archived (20.3 events/sec avg)
[07:23:33] 2,758,000 events archived (20.3 events/sec avg)
[07:25:14] 2,760,000 events archived (20.3 events/sec avg)
[07:26:26] 2,762,000 events archived (20.3 events/sec avg)
[07:27:39] 2,764,000 events archived (20.3 events/sec avg)
[07:28:48] 2,766,000 events archived (20.3 events/sec avg)
[07:30:05] 2,768,000 events archived (20.3 events/sec avg)
[07:31:17] 2,770,000 events archived (20.3 events/sec avg)
[07:32:43] 2,772,000 events archived (20.3 events/sec avg)
[07:34:01] 2,774,000 events archived (20.3 events/sec avg)
[07:35:08] 2,776,000 events archived (20.3 events/sec avg)
[07:36:37] 2,778,000 events archived (20.3 events/sec avg)
[07:38:06] 2,780,000 events archived (20.3 events/sec avg)
[07:39:17] 2,782,000 events archived (20.3 events/sec avg)
[07:40:28] 2,784,000 events archived (20.3 events/sec avg)
[07:41:38] 2,786,000 events archived (20.3 events/sec avg)
[07:42:46] 2,788,000 events archived (20.3 events/sec avg)
[07:44:06] 2,790,000 events archived (20.3 events/sec avg)
[07:45:43] 2,792,000 events archived (20.3 events/sec avg)
[07:46:59] 2,794,000 events archived (20.3 events/sec avg)
stream connection dropped (Response ended prematurely), reconnecting in 5s...
stream connection dropped (Response ended prematurely), reconnecting in 5s...
stream connection dropped (Response ended prematurely), reconnecting in 5s...
stream connection dropped (Response ended prematurely), reconnecting in 5s...
stream connection dropped (Response ended prematurely), reconnecting in 5s...
stream connection dropped (Response ended prematurely), reconnecting in 5s...
stream connection dropped (Response ended prematurely), reconnecting in 5s...
stream connection dropped (Response ended prematurely), reconnecting in 5s...
stream connection dropped (Response ended prematurely), reconnecting in 5s...
stream connection dropped (Response ended prematurely), reconnecting in 5s...
stream connection dropped (Response ended prematurely), reconnecting in 5s...
stream connection dropped (Response ended prematurely), reconnecting in 5s...
stream connection dropped (Response ended prematurely), reconnecting in 5s...
stream connection dropped (Response ended prematurely), reconnecting in 5s...
stream connection dropped (Response ended prematurely), reconnecting in 5s...
stream connection dropped (Response ended prematurely), reconnecting in 5s...
stream connection dropped (Response ended prematurely), reconnecting in 5s...
stream connection dropped (Response ended prematurely), reconnecting in 5s...
[07:48:19] 2,796,000 events archived (20.3 events/sec avg)
[07:49:46] 2,798,000 events archived (20.3 events/sec avg)
[07:51:14] 2,800,000 events archived (20.3 events/sec avg)
[07:52:38] 2,802,000 events archived (20.3 events/sec avg)
[07:54:10] 2,804,000 events archived (20.3 events/sec avg)
[07:55:54] 2,806,000 events archived (20.3 events/sec avg)
[07:57:32] 2,808,000 events archived (20.3 events/sec avg)
[07:59:14] 2,810,000 events archived (20.3 events/sec avg)
[08:00:40] 2,812,000 events archived (20.3 events/sec avg)
[08:01:53] 2,814,000 events archived (20.3 events/sec avg)
[08:03:22] 2,816,000 events archived (20.3 events/sec avg)
[08:04:57] 2,818,000 events archived (20.3 events/sec avg)
[08:06:31] 2,820,000 events archived (20.3 events/sec avg)
[08:07:54] 2,822,000 events archived (20.3 events/sec avg)
[08:09:25] 2,824,000 events archived (20.3 events/sec avg)
[08:10:51] 2,826,000 events archived (20.3 events/sec avg)
[08:12:16] 2,828,000 events archived (20.3 events/sec avg)
[08:13:55] 2,830,000 events archived (20.3 events/sec avg)
[08:15:24] 2,832,000 events archived (20.3 events/sec avg)
[08:16:55] 2,834,000 events archived (20.3 events/sec avg)
[08:18:17] 2,836,000 events archived (20.3 events/sec avg)
[08:19:52] 2,838,000 events archived (20.4 events/sec avg)
[08:21:09] 2,840,000 events archived (20.4 events/sec avg)
[08:22:44] 2,842,000 events archived (20.4 events/sec avg)
[08:24:23] 2,844,000 events archived (20.4 events/sec avg)
[08:25:47] 2,846,000 events archived (20.4 events/sec avg)
[08:27:05] 2,848,000 events archived (20.4 events/sec avg)
[08:28:20] 2,850,000 events archived (20.4 events/sec avg)
[08:29:34] 2,852,000 events archived (20.4 events/sec avg)
[08:30:50] 2,854,000 events archived (20.4 events/sec avg)
[08:32:17] 2,856,000 events archived (20.4 events/sec avg)
[08:33:41] 2,858,000 events archived (20.4 events/sec avg)
[08:35:04] 2,860,000 events archived (20.4 events/sec avg)
[08:36:28] 2,862,000 events archived (20.4 events/sec avg)
[08:37:38] 2,864,000 events archived (20.4 events/sec avg)
[08:38:56] 2,866,000 events archived (20.4 events/sec avg)
[08:40:31] 2,868,000 events archived (20.4 events/sec avg)
[08:41:52] 2,870,000 events archived (20.4 events/sec avg)
[08:43:08] 2,872,000 events archived (20.4 events/sec avg)
[08:44:22] 2,874,000 events archived (20.4 events/sec avg)
[08:45:28] 2,876,000 events archived (20.4 events/sec avg)
[08:46:34] 2,878,000 events archived (20.4 events/sec avg)
[08:47:51] 2,880,000 events archived (20.4 events/sec avg)
[08:49:24] 2,882,000 events archived (20.4 events/sec avg)
[08:50:58] 2,884,000 events archived (20.4 events/sec avg)
[08:52:25] 2,886,000 events archived (20.4 events/sec avg)
[08:54:03] 2,888,000 events archived (20.4 events/sec avg)
[08:55:33] 2,890,000 events archived (20.4 events/sec avg)
[08:57:06] 2,892,000 events archived (20.4 events/sec avg)
[08:58:44] 2,894,000 events archived (20.4 events/sec avg)
[09:00:23] 2,896,000 events archived (20.4 events/sec avg)
[09:01:55] 2,898,000 events archived (20.4 events/sec avg)
[09:03:11] 2,900,000 events archived (20.4 events/sec avg)
[09:04:35] 2,902,000 events archived (20.4 events/sec avg)
[09:06:03] 2,904,000 events archived (20.4 events/sec avg)
[09:07:25] 2,906,000 events archived (20.4 events/sec avg)
[09:08:53] 2,908,000 events archived (20.4 events/sec avg)
[09:10:30] 2,910,000 events archived (20.4 events/sec avg)
[09:11:55] 2,912,000 events archived (20.4 events/sec avg)
[09:13:08] 2,914,000 events archived (20.4 events/sec avg)
[09:14:22] 2,916,000 events archived (20.4 events/sec avg)
[09:15:27] 2,918,000 events archived (20.4 events/sec avg)
[09:16:34] 2,920,000 events archived (20.4 events/sec avg)
[09:17:49] 2,922,000 events archived (20.4 events/sec avg)
[09:18:56] 2,924,000 events archived (20.4 events/sec avg)
[09:20:08] 2,926,000 events archived (20.5 events/sec avg)
[09:21:19] 2,928,000 events archived (20.5 events/sec avg)
[09:22:47] 2,930,000 events archived (20.5 events/sec avg)
[09:23:54] 2,932,000 events archived (20.5 events/sec avg)
[09:25:25] 2,934,000 events archived (20.5 events/sec avg)
[09:26:53] 2,936,000 events archived (20.5 events/sec avg)
[09:28:12] 2,938,000 events archived (20.5 events/sec avg)
[09:29:39] 2,940,000 events archived (20.5 events/sec avg)
[09:31:10] 2,942,000 events archived (20.5 events/sec avg)
[09:32:33] 2,944,000 events archived (20.5 events/sec avg)
[09:34:06] 2,946,000 events archived (20.5 events/sec avg)
[09:35:34] 2,948,000 events archived (20.5 events/sec avg)
[09:36:55] 2,950,000 events archived (20.5 events/sec avg)
[09:38:10] 2,952,000 events archived (20.5 events/sec avg)
[09:39:22] 2,954,000 events archived (20.5 events/sec avg)
[09:40:39] 2,956,000 events archived (20.5 events/sec avg)
[09:41:55] 2,958,000 events archived (20.5 events/sec avg)
[09:43:06] 2,960,000 events archived (20.5 events/sec avg)
[09:44:14] 2,962,000 events archived (20.5 events/sec avg)
[09:45:42] 2,964,000 events archived (20.5 events/sec avg)
[09:47:09] 2,966,000 events archived (20.5 events/sec avg)
[09:48:26] 2,968,000 events archived (20.5 events/sec avg)
[09:49:23] 2,970,000 events archived (20.5 events/sec avg)
[09:50:38] 2,972,000 events archived (20.5 events/sec avg)
[09:52:06] 2,974,000 events archived (20.5 events/sec avg)
[09:53:22] 2,976,000 events archived (20.5 events/sec avg)
[09:54:20] 2,978,000 events archived (20.5 events/sec avg)
[09:55:39] 2,980,000 events archived (20.5 events/sec avg)
[09:56:49] 2,982,000 events archived (20.5 events/sec avg)
[09:58:17] 2,984,000 events archived (20.5 events/sec avg)
[09:59:40] 2,986,000 events archived (20.5 events/sec avg)
[10:00:48] 2,988,000 events archived (20.5 events/sec avg)
[10:02:07] 2,990,000 events archived (20.5 events/sec avg)
[10:03:42] 2,992,000 events archived (20.5 events/sec avg)
[10:05:02] 2,994,000 events archived (20.5 events/sec avg)
[10:06:12] 2,996,000 events archived (20.5 events/sec avg)
[10:07:43] 2,998,000 events archived (20.5 events/sec avg)
[10:08:57] 3,000,000 events archived (20.5 events/sec avg)
[10:10:10] 3,002,000 events archived (20.6 events/sec avg)
[10:11:30] 3,004,000 events archived (20.6 events/sec avg)
[10:12:43] 3,006,000 events archived (20.6 events/sec avg)
[10:13:56] 3,008,000 events archived (20.6 events/sec avg)
[10:15:16] 3,010,000 events archived (20.6 events/sec avg)
[10:16:36] 3,012,000 events archived (20.6 events/sec avg)
[10:17:58] 3,014,000 events archived (20.6 events/sec avg)
[10:19:09] 3,016,000 events archived (20.6 events/sec avg)
[10:20:36] 3,018,000 events archived (20.6 events/sec avg)
[10:21:47] 3,020,000 events archived (20.6 events/sec avg)
[10:23:05] 3,022,000 events archived (20.6 events/sec avg)
[10:24:13] 3,024,000 events archived (20.6 events/sec avg)
[10:25:33] 3,026,000 events archived (20.6 events/sec avg)
[10:26:48] 3,028,000 events archived (20.6 events/sec avg)
[10:28:18] 3,030,000 events archived (20.6 events/sec avg)
[10:29:48] 3,032,000 events archived (20.6 events/sec avg)
[10:31:02] 3,034,000 events archived (20.6 events/sec avg)
[10:32:28] 3,036,000 events archived (20.6 events/sec avg)
[10:33:49] 3,038,000 events archived (20.6 events/sec avg)
[10:35:10] 3,040,000 events archived (20.6 events/sec avg)
[10:36:39] 3,042,000 events archived (20.6 events/sec avg)
[10:37:59] 3,044,000 events archived (20.6 events/sec avg)
[10:39:28] 3,046,000 events archived (20.6 events/sec avg)
[10:40:57] 3,048,000 events archived (20.6 events/sec avg)
[10:42:22] 3,050,000 events archived (20.6 events/sec avg)
[10:43:51] 3,052,000 events archived (20.6 events/sec avg)
[10:45:15] 3,054,000 events archived (20.6 events/sec avg)
[10:46:38] 3,056,000 events archived (20.6 events/sec avg)
[10:47:54] 3,058,000 events archived (20.6 events/sec avg)
[10:49:16] 3,060,000 events archived (20.6 events/sec avg)
[10:50:36] 3,062,000 events archived (20.6 events/sec avg)
[10:51:50] 3,064,000 events archived (20.6 events/sec avg)
[10:52:55] 3,066,000 events archived (20.6 events/sec avg)
[10:54:06] 3,068,000 events archived (20.6 events/sec avg)
[10:55:22] 3,070,000 events archived (20.6 events/sec avg)
stream connection dropped (Response ended prematurely), reconnecting in 5s...
stream connection dropped (Response ended prematurely), reconnecting in 5s...
stream connection dropped (Response ended prematurely), reconnecting in 5s...
stream connection dropped (Response ended prematurely), reconnecting in 5s...
stream connection dropped (Response ended prematurely), reconnecting in 5s...
stream connection dropped (Response ended prematurely), reconnecting in 5s...
stream connection dropped (Response ended prematurely), reconnecting in 5s...
stream connection dropped (Response ended prematurely), reconnecting in 5s...
stream connection dropped (Response ended prematurely), reconnecting in 5s...
stream connection dropped (Response ended prematurely), reconnecting in 5s...
stream connection dropped (Response ended prematurely), reconnecting in 5s...
stream connection dropped (Response ended prematurely), reconnecting in 5s...
stream connection dropped (Response ended prematurely), reconnecting in 5s...
stream connection dropped (Response ended prematurely), reconnecting in 5s...
stream connection dropped (Response ended prematurely), reconnecting in 5s...
stream connection dropped (Response ended prematurely), reconnecting in 5s...
stream connection dropped (Response ended prematurely), reconnecting in 5s...
stream connection dropped (Response ended prematurely), reconnecting in 5s...
stream connection dropped (Response ended prematurely), reconnecting in 5s...
stream connection dropped (Response ended prematurely), reconnecting in 5s...
stream connection dropped (Response ended prematurely), reconnecting in 5s...
[10:56:25] 3,072,000 events archived (20.6 events/sec avg)
[10:57:36] 3,074,000 events archived (20.6 events/sec avg)
[10:58:44] 3,076,000 events archived (20.6 events/sec avg)
[10:59:43] 3,078,000 events archived (20.7 events/sec avg)
[11:00:37] 3,080,000 events archived (20.7 events/sec avg)
[11:01:40] 3,082,000 events archived (20.7 events/sec avg)
[11:02:46] 3,084,000 events archived (20.7 events/sec avg)
[11:03:54] 3,086,000 events archived (20.7 events/sec avg)
[11:04:59] 3,088,000 events archived (20.7 events/sec avg)
[11:06:10] 3,090,000 events archived (20.7 events/sec avg)
[11:07:18] 3,092,000 events archived (20.7 events/sec avg)
[11:08:32] 3,094,000 events archived (20.7 events/sec avg)
[11:10:01] 3,096,000 events archived (20.7 events/sec avg)
[11:11:43] 3,098,000 events archived (20.7 events/sec avg)
[11:12:58] 3,100,000 events archived (20.7 events/sec avg)
[11:14:16] 3,102,000 events archived (20.7 events/sec avg)
[11:15:30] 3,104,000 events archived (20.7 events/sec avg)
[11:16:37] 3,106,000 events archived (20.7 events/sec avg)
[11:17:54] 3,108,000 events archived (20.7 events/sec avg)
[11:19:09] 3,110,000 events archived (20.7 events/sec avg)
[11:20:22] 3,112,000 events archived (20.7 events/sec avg)
[11:21:37] 3,114,000 events archived (20.7 events/sec avg)
[11:22:46] 3,116,000 events archived (20.7 events/sec avg)
[11:24:06] 3,118,000 events archived (20.7 events/sec avg)
[11:25:12] 3,120,000 events archived (20.7 events/sec avg)
[11:26:23] 3,122,000 events archived (20.7 events/sec avg)
[11:27:19] 3,124,000 events archived (20.7 events/sec avg)
[11:28:30] 3,126,000 events archived (20.7 events/sec avg)
[11:29:49] 3,128,000 events archived (20.7 events/sec avg)
[11:31:05] 3,130,000 events archived (20.7 events/sec avg)
[11:32:34] 3,132,000 events archived (20.7 events/sec avg)
[11:33:48] 3,134,000 events archived (20.7 events/sec avg)
[11:35:22] 3,136,000 events archived (20.7 events/sec avg)
[11:36:38] 3,138,000 events archived (20.7 events/sec avg)
[11:37:45] 3,140,000 events archived (20.7 events/sec avg)
[11:39:05] 3,142,000 events archived (20.8 events/sec avg)
[11:40:28] 3,144,000 events archived (20.8 events/sec avg)
[11:41:47] 3,146,000 events archived (20.8 events/sec avg)
[11:43:13] 3,148,000 events archived (20.8 events/sec avg)
[11:44:30] 3,150,000 events archived (20.8 events/sec avg)
[11:45:51] 3,152,000 events archived (20.8 events/sec avg)
[11:47:11] 3,154,000 events archived (20.8 events/sec avg)
[11:48:31] 3,156,000 events archived (20.8 events/sec avg)
[11:49:44] 3,158,000 events archived (20.8 events/sec avg)
[11:51:01] 3,160,000 events archived (20.8 events/sec avg)
[11:51:59] 3,162,000 events archived (20.8 events/sec avg)
[11:52:41] 3,164,000 events archived (20.8 events/sec avg)
[11:53:45] 3,166,000 events archived (20.8 events/sec avg)
[11:54:57] 3,168,000 events archived (20.8 events/sec avg)
[11:55:59] 3,170,000 events archived (20.8 events/sec avg)
[11:57:11] 3,172,000 events archived (20.8 events/sec avg)
[11:58:35] 3,174,000 events archived (20.8 events/sec avg)
[11:59:58] 3,176,000 events archived (20.8 events/sec avg)
[12:01:11] 3,178,000 events archived (20.8 events/sec avg)
[12:02:33] 3,180,000 events archived (20.8 events/sec avg)
[12:03:58] 3,182,000 events archived (20.8 events/sec avg)
[12:05:25] 3,184,000 events archived (20.8 events/sec avg)
[12:06:32] 3,186,000 events archived (20.8 events/sec avg)
[12:07:59] 3,188,000 events archived (20.8 events/sec avg)
[12:09:16] 3,190,000 events archived (20.8 events/sec avg)
[12:10:30] 3,192,000 events archived (20.8 events/sec avg)
[12:11:47] 3,194,000 events archived (20.8 events/sec avg)
[12:13:19] 3,196,000 events archived (20.8 events/sec avg)
[12:14:46] 3,198,000 events archived (20.8 events/sec avg)
[12:16:22] 3,200,000 events archived (20.8 events/sec avg)
[12:17:55] 3,202,000 events archived (20.8 events/sec avg)
[12:18:49] 3,204,000 events archived (20.8 events/sec avg)
[12:19:50] 3,206,000 events archived (20.8 events/sec avg)
[12:20:58] 3,208,000 events archived (20.8 events/sec avg)
[12:21:59] 3,210,000 events archived (20.8 events/sec avg)
[12:23:03] 3,212,000 events archived (20.9 events/sec avg)
[12:24:00] 3,214,000 events archived (20.9 events/sec avg)
[12:24:41] 3,216,000 events archived (20.9 events/sec avg)
[12:25:30] 3,218,000 events archived (20.9 events/sec avg)
[12:26:21] 3,220,000 events archived (20.9 events/sec avg)
[12:27:11] 3,222,000 events archived (20.9 events/sec avg)
[12:28:25] 3,224,000 events archived (20.9 events/sec avg)
[12:29:32] 3,226,000 events archived (20.9 events/sec avg)
[12:30:27] 3,228,000 events archived (20.9 events/sec avg)
[12:31:29] 3,230,000 events archived (20.9 events/sec avg)
[12:32:21] 3,232,000 events archived (20.9 events/sec avg)
[12:33:11] 3,234,000 events archived (20.9 events/sec avg)
[12:34:14] 3,236,000 events archived (20.9 events/sec avg)
[12:35:38] 3,238,000 events archived (20.9 events/sec avg)
[12:36:38] 3,240,000 events archived (20.9 events/sec avg)
[12:37:31] 3,242,000 events archived (20.9 events/sec avg)
[12:38:31] 3,244,000 events archived (20.9 events/sec avg)
[12:39:25] 3,246,000 events archived (20.9 events/sec avg)
[12:40:22] 3,248,000 events archived (20.9 events/sec avg)
[12:41:30] 3,250,000 events archived (20.9 events/sec avg)
[12:42:34] 3,252,000 events archived (21.0 events/sec avg)
[12:43:28] 3,254,000 events archived (21.0 events/sec avg)
[12:44:26] 3,256,000 events archived (21.0 events/sec avg)
[12:45:19] 3,258,000 events archived (21.0 events/sec avg)
[12:46:09] 3,260,000 events archived (21.0 events/sec avg)
[12:46:58] 3,262,000 events archived (21.0 events/sec avg)
[12:47:45] 3,264,000 events archived (21.0 events/sec avg)
[12:48:27] 3,266,000 events archived (21.0 events/sec avg)
[12:49:16] 3,268,000 events archived (21.0 events/sec avg)
[12:50:02] 3,270,000 events archived (21.0 events/sec avg)
[12:50:50] 3,272,000 events archived (21.0 events/sec avg)
[12:51:37] 3,274,000 events archived (21.0 events/sec avg)
[12:52:27] 3,276,000 events archived (21.0 events/sec avg)
[12:53:09] 3,278,000 events archived (21.0 events/sec avg)
[12:53:51] 3,280,000 events archived (21.0 events/sec avg)
[12:54:28] 3,282,000 events archived (21.0 events/sec avg)
[12:55:05] 3,284,000 events archived (21.1 events/sec avg)
[12:55:53] 3,286,000 events archived (21.1 events/sec avg)
[12:56:46] 3,288,000 events archived (21.1 events/sec avg)
[12:57:33] 3,290,000 events archived (21.1 events/sec avg)
[12:58:23] 3,292,000 events archived (21.1 events/sec avg)
[12:59:08] 3,294,000 events archived (21.1 events/sec avg)
[12:59:59] 3,296,000 events archived (21.1 events/sec avg)
[13:00:52] 3,298,000 events archived (21.1 events/sec avg)
[13:01:51] 3,300,000 events archived (21.1 events/sec avg)
[13:02:50] 3,302,000 events archived (21.1 events/sec avg)
[13:04:00] 3,304,000 events archived (21.1 events/sec avg)
[13:04:47] 3,306,000 events archived (21.1 events/sec avg)
[13:05:26] 3,308,000 events archived (21.1 events/sec avg)
[13:06:13] 3,310,000 events archived (21.1 events/sec avg)
[13:06:55] 3,312,000 events archived (21.1 events/sec avg)
[13:07:57] 3,314,000 events archived (21.1 events/sec avg)
[13:08:52] 3,316,000 events archived (21.1 events/sec avg)
[13:10:03] 3,318,000 events archived (21.2 events/sec avg)
[13:11:31] 3,320,000 events archived (21.2 events/sec avg)
[13:12:40] 3,322,000 events archived (21.2 events/sec avg)
[13:13:56] 3,324,000 events archived (21.2 events/sec avg)
[13:15:13] 3,326,000 events archived (21.2 events/sec avg)
[13:16:23] 3,328,000 events archived (21.2 events/sec avg)
[13:17:40] 3,330,000 events archived (21.2 events/sec avg)
[13:19:06] 3,332,000 events archived (21.2 events/sec avg)
[13:20:15] 3,334,000 events archived (21.2 events/sec avg)
[13:21:38] 3,336,000 events archived (21.2 events/sec avg)
[13:22:54] 3,338,000 events archived (21.2 events/sec avg)
[13:24:11] 3,340,000 events archived (21.2 events/sec avg)
[13:25:14] 3,342,000 events archived (21.2 events/sec avg)
[13:26:21] 3,344,000 events archived (21.2 events/sec avg)
[13:27:44] 3,346,000 events archived (21.2 events/sec avg)
stream connection dropped (Response ended prematurely), reconnecting in 5s...
stream connection dropped (Response ended prematurely), reconnecting in 5s...
stream connection dropped (Response ended prematurely), reconnecting in 5s...
stream connection dropped (Response ended prematurely), reconnecting in 5s...
stream connection dropped (Response ended prematurely), reconnecting in 5s...
stream connection dropped (Response ended prematurely), reconnecting in 5s...
stream connection dropped (Response ended prematurely), reconnecting in 5s...
stream connection dropped (Response ended prematurely), reconnecting in 5s...
stream connection dropped (Response ended prematurely), reconnecting in 5s...
stream connection dropped (Response ended prematurely), reconnecting in 5s...
stream connection dropped (Response ended prematurely), reconnecting in 5s...
stream connection dropped (Response ended prematurely), reconnecting in 5s...
stream connection dropped (Response ended prematurely), reconnecting in 5s...
stream connection dropped (Response ended prematurely), reconnecting in 5s...
stream connection dropped (Response ended prematurely), reconnecting in 5s...
stream connection dropped (Response ended prematurely), reconnecting in 5s...
stream connection dropped (Response ended prematurely), reconnecting in 5s...
stream connection dropped (Response ended prematurely), reconnecting in 5s...
[13:29:01] 3,348,000 events archived (21.2 events/sec avg)
[13:30:11] 3,350,000 events archived (21.2 events/sec avg)
[13:31:39] 3,352,000 events archived (21.2 events/sec avg)
[13:33:09] 3,354,000 events archived (21.2 events/sec avg)
[13:34:35] 3,356,000 events archived (21.2 events/sec avg)
[13:35:46] 3,358,000 events archived (21.2 events/sec avg)
[13:37:07] 3,360,000 events archived (21.2 events/sec avg)
[13:38:25] 3,362,000 events archived (21.2 events/sec avg)
[13:39:54] 3,364,000 events archived (21.2 events/sec avg)
[13:41:08] 3,366,000 events archived (21.2 events/sec avg)
[13:42:07] 3,368,000 events archived (21.2 events/sec avg)
[13:43:26] 3,370,000 events archived (21.2 events/sec avg)
[13:44:29] 3,372,000 events archived (21.2 events/sec avg)
[13:45:37] 3,374,000 events archived (21.2 events/sec avg)
[13:46:41] 3,376,000 events archived (21.2 events/sec avg)
[13:47:52] 3,378,000 events archived (21.2 events/sec avg)
[13:49:08] 3,380,000 events archived (21.2 events/sec avg)
[13:50:28] 3,382,000 events archived (21.2 events/sec avg)
[13:51:34] 3,384,000 events archived (21.2 events/sec avg)
[13:52:49] 3,386,000 events archived (21.2 events/sec avg)
[13:53:54] 3,388,000 events archived (21.2 events/sec avg)
[13:55:04] 3,390,000 events archived (21.2 events/sec avg)
[13:56:18] 3,392,000 events archived (21.2 events/sec avg)
[13:57:26] 3,394,000 events archived (21.3 events/sec avg)
[13:58:46] 3,396,000 events archived (21.3 events/sec avg)
[14:00:02] 3,398,000 events archived (21.3 events/sec avg)
[14:01:03] 3,400,000 events archived (21.3 events/sec avg)
[14:02:00] 3,402,000 events archived (21.3 events/sec avg)
[14:03:13] 3,404,000 events archived (21.3 events/sec avg)
[14:04:21] 3,406,000 events archived (21.3 events/sec avg)
[14:05:19] 3,408,000 events archived (21.3 events/sec avg)
[14:06:42] 3,410,000 events archived (21.3 events/sec avg)
[14:07:56] 3,412,000 events archived (21.3 events/sec avg)
[14:09:12] 3,414,000 events archived (21.3 events/sec avg)
[14:10:14] 3,416,000 events archived (21.3 events/sec avg)
[14:11:22] 3,418,000 events archived (21.3 events/sec avg)
[14:12:18] 3,420,000 events archived (21.3 events/sec avg)
[14:13:16] 3,422,000 events archived (21.3 events/sec avg)
[14:14:28] 3,424,000 events archived (21.3 events/sec avg)
[14:15:28] 3,426,000 events archived (21.3 events/sec avg)
[14:16:36] 3,428,000 events archived (21.3 events/sec avg)
[14:17:24] 3,430,000 events archived (21.3 events/sec avg)
[14:18:18] 3,432,000 events archived (21.3 events/sec avg)
[14:19:20] 3,434,000 events archived (21.3 events/sec avg)
[14:20:17] 3,436,000 events archived (21.3 events/sec avg)
[14:21:12] 3,438,000 events archived (21.3 events/sec avg)
[14:22:24] 3,440,000 events archived (21.3 events/sec avg)
[14:23:36] 3,442,000 events archived (21.3 events/sec avg)
[14:24:52] 3,444,000 events archived (21.3 events/sec avg)
[14:25:50] 3,446,000 events archived (21.3 events/sec avg)
[14:27:04] 3,448,000 events archived (21.4 events/sec avg)
[14:27:59] 3,450,000 events archived (21.4 events/sec avg)
[14:29:08] 3,452,000 events archived (21.4 events/sec avg)
[14:29:57] 3,454,000 events archived (21.4 events/sec avg)
[14:30:57] 3,456,000 events archived (21.4 events/sec avg)
[14:31:56] 3,458,000 events archived (21.4 events/sec avg)
[14:32:45] 3,460,000 events archived (21.4 events/sec avg)
[14:33:48] 3,462,000 events archived (21.4 events/sec avg)
[14:34:54] 3,464,000 events archived (21.4 events/sec avg)
[14:35:49] 3,466,000 events archived (21.4 events/sec avg)
[14:36:35] 3,468,000 events archived (21.4 events/sec avg)
[14:37:34] 3,470,000 events archived (21.4 events/sec avg)
[14:38:29] 3,472,000 events archived (21.4 events/sec avg)
[14:39:24] 3,474,000 events archived (21.4 events/sec avg)
[14:40:06] 3,476,000 events archived (21.4 events/sec avg)
[14:41:04] 3,478,000 events archived (21.4 events/sec avg)
[14:41:58] 3,480,000 events archived (21.4 events/sec avg)
[14:42:49] 3,482,000 events archived (21.4 events/sec avg)
[14:43:47] 3,484,000 events archived (21.4 events/sec avg)
[14:44:41] 3,486,000 events archived (21.4 events/sec avg)
[14:45:31] 3,488,000 events archived (21.5 events/sec avg)
[14:46:28] 3,490,000 events archived (21.5 events/sec avg)
[14:47:34] 3,492,000 events archived (21.5 events/sec avg)
[14:48:16] 3,494,000 events archived (21.5 events/sec avg)
[14:49:15] 3,496,000 events archived (21.5 events/sec avg)
[14:50:26] 3,498,000 events archived (21.5 events/sec avg)
[14:51:24] 3,500,000 events archived (21.5 events/sec avg)
[14:52:20] 3,502,000 events archived (21.5 events/sec avg)
[14:53:18] 3,504,000 events archived (21.5 events/sec avg)
[14:54:21] 3,506,000 events archived (21.5 events/sec avg)
[14:55:37] 3,508,000 events archived (21.5 events/sec avg)
[14:56:44] 3,510,000 events archived (21.5 events/sec avg)
[14:57:48] 3,512,000 events archived (21.5 events/sec avg)
[14:58:51] 3,514,000 events archived (21.5 events/sec avg)
[14:59:56] 3,516,000 events archived (21.5 events/sec avg)
[15:01:05] 3,518,000 events archived (21.5 events/sec avg)
[15:02:06] 3,520,000 events archived (21.5 events/sec avg)
[15:03:11] 3,522,000 events archived (21.5 events/sec avg)
[15:04:13] 3,524,000 events archived (21.5 events/sec avg)
[15:05:17] 3,526,000 events archived (21.5 events/sec avg)
[15:06:21] 3,528,000 events archived (21.5 events/sec avg)
[15:07:30] 3,530,000 events archived (21.5 events/sec avg)
[15:08:44] 3,532,000 events archived (21.5 events/sec avg)
[15:09:52] 3,534,000 events archived (21.5 events/sec avg)
[15:11:01] 3,536,000 events archived (21.5 events/sec avg)
[15:12:12] 3,538,000 events archived (21.5 events/sec avg)
[15:13:11] 3,540,000 events archived (21.6 events/sec avg)
[15:14:20] 3,542,000 events archived (21.6 events/sec avg)
[15:15:16] 3,544,000 events archived (21.6 events/sec avg)
[15:16:08] 3,546,000 events archived (21.6 events/sec avg)
[15:17:11] 3,548,000 events archived (21.6 events/sec avg)
[15:18:17] 3,550,000 events archived (21.6 events/sec avg)
[15:19:28] 3,552,000 events archived (21.6 events/sec avg)
[15:20:51] 3,554,000 events archived (21.6 events/sec avg)
[15:21:57] 3,556,000 events archived (21.6 events/sec avg)
[15:23:13] 3,558,000 events archived (21.6 events/sec avg)
[15:24:22] 3,560,000 events archived (21.6 events/sec avg)
[15:25:41] 3,562,000 events archived (21.6 events/sec avg)
[15:26:39] 3,564,000 events archived (21.6 events/sec avg)
[15:27:53] 3,566,000 events archived (21.6 events/sec avg)
[15:28:57] 3,568,000 events archived (21.6 events/sec avg)
[15:30:02] 3,570,000 events archived (21.6 events/sec avg)
[15:31:18] 3,572,000 events archived (21.6 events/sec avg)
[15:32:51] 3,574,000 events archived (21.6 events/sec avg)
[15:34:13] 3,576,000 events archived (21.6 events/sec avg)
[15:35:25] 3,578,000 events archived (21.6 events/sec avg)
[15:36:34] 3,580,000 events archived (21.6 events/sec avg)
[15:37:53] 3,582,000 events archived (21.6 events/sec avg)
[15:39:04] 3,584,000 events archived (21.6 events/sec avg)
[15:40:03] 3,586,000 events archived (21.6 events/sec avg)
[15:41:13] 3,588,000 events archived (21.6 events/sec avg)
[15:42:29] 3,590,000 events archived (21.6 events/sec avg)
[15:43:30] 3,592,000 events archived (21.6 events/sec avg)
[15:44:39] 3,594,000 events archived (21.6 events/sec avg)
[15:45:58] 3,596,000 events archived (21.6 events/sec avg)
[15:47:09] 3,598,000 events archived (21.6 events/sec avg)
[15:48:12] 3,600,000 events archived (21.6 events/sec avg)
[15:49:13] 3,602,000 events archived (21.6 events/sec avg)
[15:50:14] 3,604,000 events archived (21.6 events/sec avg)
[15:51:22] 3,606,000 events archived (21.7 events/sec avg)
[15:52:13] 3,608,000 events archived (21.7 events/sec avg)
[15:53:09] 3,610,000 events archived (21.7 events/sec avg)
[15:54:22] 3,612,000 events archived (21.7 events/sec avg)
[15:55:24] 3,614,000 events archived (21.7 events/sec avg)
[15:56:19] 3,616,000 events archived (21.7 events/sec avg)
[15:57:22] 3,618,000 events archived (21.7 events/sec avg)
[15:58:33] 3,620,000 events archived (21.7 events/sec avg)
[15:59:48] 3,622,000 events archived (21.7 events/sec avg)
stream connection dropped (Response ended prematurely), reconnecting in 5s...
stream connection dropped (Response ended prematurely), reconnecting in 5s...
stream connection dropped (Response ended prematurely), reconnecting in 5s...
stream connection dropped (Response ended prematurely), reconnecting in 5s...
stream connection dropped (Response ended prematurely), reconnecting in 5s...
stream connection dropped (Response ended prematurely), reconnecting in 5s...
stream connection dropped (Response ended prematurely), reconnecting in 5s...
stream connection dropped (Response ended prematurely), reconnecting in 5s...
stream connection dropped (Response ended prematurely), reconnecting in 5s...
stream connection dropped (Response ended prematurely), reconnecting in 5s...
stream connection dropped (Response ended prematurely), reconnecting in 5s...
stream connection dropped (Response ended prematurely), reconnecting in 5s...
stream connection dropped (Response ended prematurely), reconnecting in 5s...
stream connection dropped (Response ended prematurely), reconnecting in 5s...
stream connection dropped (Response ended prematurely), reconnecting in 5s...
stream connection dropped (Response ended prematurely), reconnecting in 5s...
[16:00:45] 3,624,000 events archived (21.7 events/sec avg)
[16:01:50] 3,626,000 events archived (21.7 events/sec avg)
[16:02:45] 3,628,000 events archived (21.7 events/sec avg)
[16:03:47] 3,630,000 events archived (21.7 events/sec avg)
[16:04:40] 3,632,000 events archived (21.7 events/sec avg)
[16:05:38] 3,634,000 events archived (21.7 events/sec avg)
[16:06:39] 3,636,000 events archived (21.7 events/sec avg)
[16:07:50] 3,638,000 events archived (21.7 events/sec avg)
[16:08:56] 3,640,000 events archived (21.7 events/sec avg)
[16:10:06] 3,642,000 events archived (21.7 events/sec avg)
[16:11:13] 3,644,000 events archived (21.7 events/sec avg)
[16:12:21] 3,646,000 events archived (21.7 events/sec avg)
[16:13:26] 3,648,000 events archived (21.7 events/sec avg)
[16:14:28] 3,650,000 events archived (21.7 events/sec avg)
[16:15:35] 3,652,000 events archived (21.7 events/sec avg)
[16:16:38] 3,654,000 events archived (21.7 events/sec avg)
[16:17:45] 3,656,000 events archived (21.7 events/sec avg)
[16:19:01] 3,658,000 events archived (21.7 events/sec avg)
[16:20:14] 3,660,000 events archived (21.7 events/sec avg)
[16:21:22] 3,662,000 events archived (21.8 events/sec avg)
[16:22:31] 3,664,000 events archived (21.8 events/sec avg)
[16:23:29] 3,666,000 events archived (21.8 events/sec avg)
[16:24:42] 3,668,000 events archived (21.8 events/sec avg)
[16:25:54] 3,670,000 events archived (21.8 events/sec avg)
[16:27:11] 3,672,000 events archived (21.8 events/sec avg)
[16:28:20] 3,674,000 events archived (21.8 events/sec avg)
[16:29:34] 3,676,000 events archived (21.8 events/sec avg)
[16:30:42] 3,678,000 events archived (21.8 events/sec avg)
[16:31:44] 3,680,000 events archived (21.8 events/sec avg)
[16:32:57] 3,682,000 events archived (21.8 events/sec avg)
[16:34:14] 3,684,000 events archived (21.8 events/sec avg)
[16:35:41] 3,686,000 events archived (21.8 events/sec avg)
[16:36:54] 3,688,000 events archived (21.8 events/sec avg)
[16:38:06] 3,690,000 events archived (21.8 events/sec avg)
[16:39:21] 3,692,000 events archived (21.8 events/sec avg)
[16:40:32] 3,694,000 events archived (21.8 events/sec avg)
[16:41:34] 3,696,000 events archived (21.8 events/sec avg)
[16:42:40] 3,698,000 events archived (21.8 events/sec avg)
[16:43:42] 3,700,000 events archived (21.8 events/sec avg)
[16:45:01] 3,702,000 events archived (21.8 events/sec avg)
[16:46:26] 3,704,000 events archived (21.8 events/sec avg)
[16:47:50] 3,706,000 events archived (21.8 events/sec avg)
[16:48:59] 3,708,000 events archived (21.8 events/sec avg)
[16:50:23] 3,710,000 events archived (21.8 events/sec avg)
[16:51:40] 3,712,000 events archived (21.8 events/sec avg)
[16:53:01] 3,714,000 events archived (21.8 events/sec avg)
[16:54:16] 3,716,000 events archived (21.8 events/sec avg)
[16:55:37] 3,718,000 events archived (21.8 events/sec avg)
[16:56:48] 3,720,000 events archived (21.8 events/sec avg)
[16:57:56] 3,722,000 events archived (21.8 events/sec avg)
[16:59:08] 3,724,000 events archived (21.8 events/sec avg)
[17:00:24] 3,726,000 events archived (21.8 events/sec avg)
[17:01:37] 3,728,000 events archived (21.8 events/sec avg)
[17:02:49] 3,730,000 events archived (21.8 events/sec avg)
[17:03:55] 3,732,000 events archived (21.8 events/sec avg)
[17:05:12] 3,734,000 events archived (21.8 events/sec avg)
[17:06:14] 3,736,000 events archived (21.8 events/sec avg)
[17:07:26] 3,738,000 events archived (21.8 events/sec avg)
[17:08:44] 3,740,000 events archived (21.8 events/sec avg)
[17:09:57] 3,742,000 events archived (21.8 events/sec avg)
[17:11:02] 3,744,000 events archived (21.9 events/sec avg)
[17:12:08] 3,746,000 events archived (21.9 events/sec avg)
[17:13:03] 3,748,000 events archived (21.9 events/sec avg)
[17:14:00] 3,750,000 events archived (21.9 events/sec avg)
[17:14:49] 3,752,000 events archived (21.9 events/sec avg)
[17:15:39] 3,754,000 events archived (21.9 events/sec avg)
[17:16:35] 3,756,000 events archived (21.9 events/sec avg)
[17:17:24] 3,758,000 events archived (21.9 events/sec avg)
[17:18:13] 3,760,000 events archived (21.9 events/sec avg)
[17:19:02] 3,762,000 events archived (21.9 events/sec avg)
[17:19:49] 3,764,000 events archived (21.9 events/sec avg)
[17:20:45] 3,766,000 events archived (21.9 events/sec avg)
[17:21:32] 3,768,000 events archived (21.9 events/sec avg)
[17:22:24] 3,770,000 events archived (21.9 events/sec avg)
[17:23:17] 3,772,000 events archived (21.9 events/sec avg)
[17:24:05] 3,774,000 events archived (21.9 events/sec avg)
[17:24:58] 3,776,000 events archived (21.9 events/sec avg)
[17:26:00] 3,778,000 events archived (21.9 events/sec avg)
[17:26:47] 3,780,000 events archived (21.9 events/sec avg)
[17:27:44] 3,782,000 events archived (21.9 events/sec avg)
[17:28:37] 3,784,000 events archived (22.0 events/sec avg)
[17:29:32] 3,786,000 events archived (22.0 events/sec avg)
[17:30:27] 3,788,000 events archived (22.0 events/sec avg)
[17:31:10] 3,790,000 events archived (22.0 events/sec avg)
[17:31:54] 3,792,000 events archived (22.0 events/sec avg)
[17:32:38] 3,794,000 events archived (22.0 events/sec avg)
[17:33:26] 3,796,000 events archived (22.0 events/sec avg)
[17:34:14] 3,798,000 events archived (22.0 events/sec avg)
[17:35:03] 3,800,000 events archived (22.0 events/sec avg)
[17:35:49] 3,802,000 events archived (22.0 events/sec avg)
[17:36:34] 3,804,000 events archived (22.0 events/sec avg)
[17:37:30] 3,806,000 events archived (22.0 events/sec avg)
[17:38:24] 3,808,000 events archived (22.0 events/sec avg)
[17:39:31] 3,810,000 events archived (22.0 events/sec avg)
[17:40:14] 3,812,000 events archived (22.0 events/sec avg)
[17:41:02] 3,814,000 events archived (22.0 events/sec avg)
[17:41:40] 3,816,000 events archived (22.0 events/sec avg)
[17:42:33] 3,818,000 events archived (22.0 events/sec avg)
[17:43:09] 3,820,000 events archived (22.0 events/sec avg)
[17:44:02] 3,822,000 events archived (22.1 events/sec avg)
[17:44:47] 3,824,000 events archived (22.1 events/sec avg)
[17:45:30] 3,826,000 events archived (22.1 events/sec avg)
[17:46:33] 3,828,000 events archived (22.1 events/sec avg)
[17:47:22] 3,830,000 events archived (22.1 events/sec avg)
[17:48:17] 3,832,000 events archived (22.1 events/sec avg)
[17:49:12] 3,834,000 events archived (22.1 events/sec avg)
[17:50:24] 3,836,000 events archived (22.1 events/sec avg)
[17:51:29] 3,838,000 events archived (22.1 events/sec avg)
[17:52:23] 3,840,000 events archived (22.1 events/sec avg)
[17:53:31] 3,842,000 events archived (22.1 events/sec avg)
[17:54:28] 3,844,000 events archived (22.1 events/sec avg)
[17:55:32] 3,846,000 events archived (22.1 events/sec avg)
[17:56:36] 3,848,000 events archived (22.1 events/sec avg)
[17:57:30] 3,850,000 events archived (22.1 events/sec avg)
[17:58:29] 3,852,000 events archived (22.1 events/sec avg)
[17:59:21] 3,854,000 events archived (22.1 events/sec avg)
[18:00:08] 3,856,000 events archived (22.1 events/sec avg)
[18:00:46] 3,858,000 events archived (22.1 events/sec avg)
[18:01:42] 3,860,000 events archived (22.1 events/sec avg)
[18:02:32] 3,862,000 events archived (22.1 events/sec avg)
[18:03:27] 3,864,000 events archived (22.1 events/sec avg)
[18:04:19] 3,866,000 events archived (22.2 events/sec avg)
[18:05:05] 3,868,000 events archived (22.2 events/sec avg)
[18:05:58] 3,870,000 events archived (22.2 events/sec avg)
[18:06:47] 3,872,000 events archived (22.2 events/sec avg)
[18:07:43] 3,874,000 events archived (22.2 events/sec avg)
[18:08:25] 3,876,000 events archived (22.2 events/sec avg)
[18:09:20] 3,878,000 events archived (22.2 events/sec avg)
[18:10:09] 3,880,000 events archived (22.2 events/sec avg)
[18:11:06] 3,882,000 events archived (22.2 events/sec avg)
[18:11:51] 3,884,000 events archived (22.2 events/sec avg)
[18:12:41] 3,886,000 events archived (22.2 events/sec avg)
[18:13:27] 3,888,000 events archived (22.2 events/sec avg)
[18:14:29] 3,890,000 events archived (22.2 events/sec avg)
[18:15:16] 3,892,000 events archived (22.2 events/sec avg)
[18:16:03] 3,894,000 events archived (22.2 events/sec avg)
[18:16:46] 3,896,000 events archived (22.2 events/sec avg)
[18:17:31] 3,898,000 events archived (22.2 events/sec avg)
stream connection dropped (Response ended prematurely), reconnecting in 5s...
stream connection dropped (Response ended prematurely), reconnecting in 5s...
stream connection dropped (Response ended prematurely), reconnecting in 5s...
stream connection dropped (Response ended prematurely), reconnecting in 5s...
stream connection dropped (Response ended prematurely), reconnecting in 5s...
stream connection dropped (("Connection broken: ConnectionResetError(54, 'Connection reset by peer')", ConnectionResetError(54, 'Connection reset by peer'))), reconnecting in 5s...
stream connection dropped (Response ended prematurely), reconnecting in 5s...
stream connection dropped (Response ended prematurely), reconnecting in 5s...
stream connection dropped (Response ended prematurely), reconnecting in 5s...
stream connection dropped (Response ended prematurely), reconnecting in 5s...
stream connection dropped (Response ended prematurely), reconnecting in 5s...
[18:18:21] 3,900,000 events archived (22.2 events/sec avg)
[18:19:06] 3,902,000 events archived (22.2 events/sec avg)
[18:19:54] 3,904,000 events archived (22.2 events/sec avg)
[18:20:41] 3,906,000 events archived (22.3 events/sec avg)
[18:21:28] 3,908,000 events archived (22.3 events/sec avg)
[18:22:09] 3,910,000 events archived (22.3 events/sec avg)
[18:22:45] 3,912,000 events archived (22.3 events/sec avg)
[18:23:23] 3,914,000 events archived (22.3 events/sec avg)
[18:24:00] 3,916,000 events archived (22.3 events/sec avg)
[18:24:58] 3,918,000 events archived (22.3 events/sec avg)
[18:25:50] 3,920,000 events archived (22.3 events/sec avg)
[18:26:32] 3,922,000 events archived (22.3 events/sec avg)
[18:27:19] 3,924,000 events archived (22.3 events/sec avg)
[18:28:03] 3,926,000 events archived (22.3 events/sec avg)
[18:28:49] 3,928,000 events archived (22.3 events/sec avg)
[18:29:37] 3,930,000 events archived (22.3 events/sec avg)
[18:30:26] 3,932,000 events archived (22.3 events/sec avg)
[18:31:16] 3,934,000 events archived (22.3 events/sec avg)
[18:32:08] 3,936,000 events archived (22.3 events/sec avg)
[18:32:58] 3,938,000 events archived (22.3 events/sec avg)
[18:33:49] 3,940,000 events archived (22.3 events/sec avg)
[18:34:37] 3,942,000 events archived (22.4 events/sec avg)
[18:35:17] 3,944,000 events archived (22.4 events/sec avg)
[18:36:04] 3,946,000 events archived (22.4 events/sec avg)
[18:36:38] 3,948,000 events archived (22.4 events/sec avg)
[18:37:17] 3,950,000 events archived (22.4 events/sec avg)
[18:38:00] 3,952,000 events archived (22.4 events/sec avg)
[18:38:39] 3,954,000 events archived (22.4 events/sec avg)
[18:39:17] 3,956,000 events archived (22.4 events/sec avg)
[18:40:01] 3,958,000 events archived (22.4 events/sec avg)
[18:40:46] 3,960,000 events archived (22.4 events/sec avg)
[18:41:28] 3,962,000 events archived (22.4 events/sec avg)
[18:42:12] 3,964,000 events archived (22.4 events/sec avg)
[18:43:03] 3,966,000 events archived (22.4 events/sec avg)
[18:43:41] 3,968,000 events archived (22.4 events/sec avg)
[18:44:21] 3,970,000 events archived (22.4 events/sec avg)
[18:45:14] 3,972,000 events archived (22.4 events/sec avg)
[18:45:50] 3,974,000 events archived (22.4 events/sec avg)
[18:46:38] 3,976,000 events archived (22.5 events/sec avg)
[18:47:24] 3,978,000 events archived (22.5 events/sec avg)
[18:48:10] 3,980,000 events archived (22.5 events/sec avg)
[18:49:00] 3,982,000 events archived (22.5 events/sec avg)
[18:49:50] 3,984,000 events archived (22.5 events/sec avg)
[18:50:39] 3,986,000 events archived (22.5 events/sec avg)
[18:51:28] 3,988,000 events archived (22.5 events/sec avg)
[18:52:11] 3,990,000 events archived (22.5 events/sec avg)
[18:52:58] 3,992,000 events archived (22.5 events/sec avg)
[18:53:46] 3,994,000 events archived (22.5 events/sec avg)
[18:54:40] 3,996,000 events archived (22.5 events/sec avg)
[18:55:27] 3,998,000 events archived (22.5 events/sec avg)
[18:56:12] 4,000,000 events archived (22.5 events/sec avg)
[18:57:01] 4,002,000 events archived (22.5 events/sec avg)
[18:57:48] 4,004,000 events archived (22.5 events/sec avg)
[18:58:36] 4,006,000 events archived (22.5 events/sec avg)
[18:59:22] 4,008,000 events archived (22.5 events/sec avg)
[19:00:03] 4,010,000 events archived (22.5 events/sec avg)
[19:00:49] 4,012,000 events archived (22.5 events/sec avg)
[19:01:35] 4,014,000 events archived (22.6 events/sec avg)
[19:02:23] 4,016,000 events archived (22.6 events/sec avg)
[19:03:07] 4,018,000 events archived (22.6 events/sec avg)
[19:03:52] 4,020,000 events archived (22.6 events/sec avg)
[19:04:38] 4,022,000 events archived (22.6 events/sec avg)
[19:05:28] 4,024,000 events archived (22.6 events/sec avg)
[19:06:14] 4,026,000 events archived (22.6 events/sec avg)
[19:07:01] 4,028,000 events archived (22.6 events/sec avg)
[19:07:50] 4,030,000 events archived (22.6 events/sec avg)
[19:08:38] 4,032,000 events archived (22.6 events/sec avg)
[19:09:30] 4,034,000 events archived (22.6 events/sec avg)
[19:10:24] 4,036,000 events archived (22.6 events/sec avg)
[19:11:12] 4,038,000 events archived (22.6 events/sec avg)
[19:11:57] 4,040,000 events archived (22.6 events/sec avg)
[19:12:45] 4,042,000 events archived (22.6 events/sec avg)
[19:13:42] 4,044,000 events archived (22.6 events/sec avg)
[19:14:36] 4,046,000 events archived (22.6 events/sec avg)
[19:15:23] 4,048,000 events archived (22.6 events/sec avg)
[19:16:16] 4,050,000 events archived (22.6 events/sec avg)
[19:17:11] 4,052,000 events archived (22.6 events/sec avg)
[19:18:00] 4,054,000 events archived (22.7 events/sec avg)
[19:18:51] 4,056,000 events archived (22.7 events/sec avg)
[19:19:44] 4,058,000 events archived (22.7 events/sec avg)
[19:20:36] 4,060,000 events archived (22.7 events/sec avg)
[19:21:28] 4,062,000 events archived (22.7 events/sec avg)
[19:22:23] 4,064,000 events archived (22.7 events/sec avg)
[19:36:43] 4,066,000 events archived (22.6 events/sec avg)
[19:37:31] 4,068,000 events archived (22.6 events/sec avg)
[19:38:21] 4,070,000 events archived (22.6 events/sec avg)
[19:39:10] 4,072,000 events archived (22.6 events/sec avg)
[19:40:02] 4,074,000 events archived (22.6 events/sec avg)
[19:40:54] 4,076,000 events archived (22.6 events/sec avg)
[19:41:47] 4,078,000 events archived (22.6 events/sec avg)
[19:42:38] 4,080,000 events archived (22.6 events/sec avg)
[19:43:30] 4,082,000 events archived (22.6 events/sec avg)
[19:44:21] 4,084,000 events archived (22.6 events/sec avg)
[19:45:08] 4,086,000 events archived (22.6 events/sec avg)
[19:46:04] 4,088,000 events archived (22.6 events/sec avg)
[19:46:57] 4,090,000 events archived (22.6 events/sec avg)
[19:47:47] 4,092,000 events archived (22.6 events/sec avg)
[19:48:37] 4,094,000 events archived (22.6 events/sec avg)
[19:49:29] 4,096,000 events archived (22.7 events/sec avg)
[19:50:18] 4,098,000 events archived (22.7 events/sec avg)
[19:51:12] 4,100,000 events archived (22.7 events/sec avg)
[19:52:14] 4,102,000 events archived (22.7 events/sec avg)
[19:53:02] 4,104,000 events archived (22.7 events/sec avg)
[19:53:41] 4,106,000 events archived (22.7 events/sec avg)
[19:54:29] 4,108,000 events archived (22.7 events/sec avg)
[19:55:09] 4,110,000 events archived (22.7 events/sec avg)
[19:55:57] 4,112,000 events archived (22.7 events/sec avg)
[19:56:47] 4,114,000 events archived (22.7 events/sec avg)
[19:57:34] 4,116,000 events archived (22.7 events/sec avg)
[19:58:27] 4,118,000 events archived (22.7 events/sec avg)
[19:59:22] 4,120,000 events archived (22.7 events/sec avg)
[20:00:08] 4,122,000 events archived (22.7 events/sec avg)
[20:01:00] 4,124,000 events archived (22.7 events/sec avg)
[20:01:44] 4,126,000 events archived (22.7 events/sec avg)
[20:02:25] 4,128,000 events archived (22.7 events/sec avg)
[20:03:09] 4,130,000 events archived (22.7 events/sec avg)
[20:04:00] 4,132,000 events archived (22.7 events/sec avg)
[20:04:55] 4,134,000 events archived (22.7 events/sec avg)
[20:05:50] 4,136,000 events archived (22.7 events/sec avg)
[20:06:45] 4,138,000 events archived (22.8 events/sec avg)
[20:07:41] 4,140,000 events archived (22.8 events/sec avg)
[20:08:33] 4,142,000 events archived (22.8 events/sec avg)
[20:09:25] 4,144,000 events archived (22.8 events/sec avg)
[20:10:13] 4,146,000 events archived (22.8 events/sec avg)
[20:11:03] 4,148,000 events archived (22.8 events/sec avg)
[20:11:53] 4,150,000 events archived (22.8 events/sec avg)
[20:12:46] 4,152,000 events archived (22.8 events/sec avg)
[20:13:36] 4,154,000 events archived (22.8 events/sec avg)
[20:14:31] 4,156,000 events archived (22.8 events/sec avg)
[20:15:20] 4,158,000 events archived (22.8 events/sec avg)
[20:16:10] 4,160,000 events archived (22.8 events/sec avg)
[20:17:03] 4,162,000 events archived (22.8 events/sec avg)
[20:18:00] 4,164,000 events archived (22.8 events/sec avg)
[20:19:00] 4,166,000 events archived (22.8 events/sec avg)
[20:19:56] 4,168,000 events archived (22.8 events/sec avg)
[20:20:44] 4,170,000 events archived (22.8 events/sec avg)
[20:21:30] 4,172,000 events archived (22.8 events/sec avg)
[20:22:22] 4,174,000 events archived (22.8 events/sec avg)
stream connection dropped (Response ended prematurely), reconnecting in 5s...
stream connection dropped (Response ended prematurely), reconnecting in 5s...
stream connection dropped (Response ended prematurely), reconnecting in 5s...
stream connection dropped (Response ended prematurely), reconnecting in 5s...
stream connection dropped (Response ended prematurely), reconnecting in 5s...
stream connection dropped (Response ended prematurely), reconnecting in 5s...
stream connection dropped (Response ended prematurely), reconnecting in 5s...
stream connection dropped (Response ended prematurely), reconnecting in 5s...
stream connection dropped (Response ended prematurely), reconnecting in 5s...
stream connection dropped (Response ended prematurely), reconnecting in 5s...
stream connection dropped (Response ended prematurely), reconnecting in 5s...
[20:23:12] 4,176,000 events archived (22.8 events/sec avg)
[20:24:04] 4,178,000 events archived (22.8 events/sec avg)
[20:24:52] 4,180,000 events archived (22.8 events/sec avg)
[20:25:38] 4,182,000 events archived (22.9 events/sec avg)
[20:26:25] 4,184,000 events archived (22.9 events/sec avg)
[20:27:08] 4,186,000 events archived (22.9 events/sec avg)
[20:27:57] 4,188,000 events archived (22.9 events/sec avg)
[20:28:41] 4,190,000 events archived (22.9 events/sec avg)
[20:29:24] 4,192,000 events archived (22.9 events/sec avg)
[20:30:06] 4,194,000 events archived (22.9 events/sec avg)
[20:30:49] 4,196,000 events archived (22.9 events/sec avg)
[20:31:30] 4,198,000 events archived (22.9 events/sec avg)
[20:32:10] 4,200,000 events archived (22.9 events/sec avg)
[20:32:56] 4,202,000 events archived (22.9 events/sec avg)
[20:33:33] 4,204,000 events archived (22.9 events/sec avg)
[20:34:21] 4,206,000 events archived (22.9 events/sec avg)
[20:35:09] 4,208,000 events archived (22.9 events/sec avg)
[20:35:50] 4,210,000 events archived (22.9 events/sec avg)
[20:36:35] 4,212,000 events archived (22.9 events/sec avg)
[20:37:17] 4,214,000 events archived (22.9 events/sec avg)
[20:37:59] 4,216,000 events archived (22.9 events/sec avg)
[20:38:37] 4,218,000 events archived (23.0 events/sec avg)
[20:39:19] 4,220,000 events archived (23.0 events/sec avg)
[20:39:58] 4,222,000 events archived (23.0 events/sec avg)
[20:40:40] 4,224,000 events archived (23.0 events/sec avg)
[20:41:20] 4,226,000 events archived (23.0 events/sec avg)
[20:42:03] 4,228,000 events archived (23.0 events/sec avg)
[20:42:44] 4,230,000 events archived (23.0 events/sec avg)
[20:43:25] 4,232,000 events archived (23.0 events/sec avg)
[20:44:03] 4,234,000 events archived (23.0 events/sec avg)
[20:44:45] 4,236,000 events archived (23.0 events/sec avg)
[20:45:27] 4,238,000 events archived (23.0 events/sec avg)
[20:46:11] 4,240,000 events archived (23.0 events/sec avg)
[20:46:52] 4,242,000 events archived (23.0 events/sec avg)
[20:47:33] 4,244,000 events archived (23.0 events/sec avg)
[20:48:15] 4,246,000 events archived (23.0 events/sec avg)
[20:48:56] 4,248,000 events archived (23.0 events/sec avg)
[20:49:46] 4,250,000 events archived (23.0 events/sec avg)
[20:50:31] 4,252,000 events archived (23.0 events/sec avg)
[20:51:17] 4,254,000 events archived (23.1 events/sec avg)
[20:51:59] 4,256,000 events archived (23.1 events/sec avg)
[20:52:43] 4,258,000 events archived (23.1 events/sec avg)
[20:53:24] 4,260,000 events archived (23.1 events/sec avg)
[20:54:03] 4,262,000 events archived (23.1 events/sec avg)
[20:54:49] 4,264,000 events archived (23.1 events/sec avg)
[20:55:31] 4,266,000 events archived (23.1 events/sec avg)
[20:56:17] 4,268,000 events archived (23.1 events/sec avg)
[20:56:53] 4,270,000 events archived (23.1 events/sec avg)
[20:57:28] 4,272,000 events archived (23.1 events/sec avg)
[20:58:13] 4,274,000 events archived (23.1 events/sec avg)
[20:58:52] 4,276,000 events archived (23.1 events/sec avg)
[20:59:32] 4,278,000 events archived (23.1 events/sec avg)
[21:00:10] 4,280,000 events archived (23.1 events/sec avg)
[21:00:53] 4,282,000 events archived (23.1 events/sec avg)
[21:01:35] 4,284,000 events archived (23.1 events/sec avg)
[21:02:17] 4,286,000 events archived (23.1 events/sec avg)
[21:03:02] 4,288,000 events archived (23.1 events/sec avg)
[21:03:42] 4,290,000 events archived (23.2 events/sec avg)
[21:04:18] 4,292,000 events archived (23.2 events/sec avg)
[21:05:01] 4,294,000 events archived (23.2 events/sec avg)
[21:05:44] 4,296,000 events archived (23.2 events/sec avg)
[21:06:27] 4,298,000 events archived (23.2 events/sec avg)
[21:07:05] 4,300,000 events archived (23.2 events/sec avg)
[21:07:41] 4,302,000 events archived (23.2 events/sec avg)
[21:08:20] 4,304,000 events archived (23.2 events/sec avg)
[21:09:00] 4,306,000 events archived (23.2 events/sec avg)
[21:09:45] 4,308,000 events archived (23.2 events/sec avg)
[21:10:31] 4,310,000 events archived (23.2 events/sec avg)
[21:11:20] 4,312,000 events archived (23.2 events/sec avg)
[21:12:07] 4,314,000 events archived (23.2 events/sec avg)
[21:12:55] 4,316,000 events archived (23.2 events/sec avg)
[21:13:45] 4,318,000 events archived (23.2 events/sec avg)
[21:14:31] 4,320,000 events archived (23.2 events/sec avg)
[21:15:13] 4,322,000 events archived (23.2 events/sec avg)
[21:15:58] 4,324,000 events archived (23.2 events/sec avg)
[21:16:40] 4,326,000 events archived (23.2 events/sec avg)
[21:17:24] 4,328,000 events archived (23.3 events/sec avg)
[21:18:07] 4,330,000 events archived (23.3 events/sec avg)
[21:18:49] 4,332,000 events archived (23.3 events/sec avg)
[21:19:35] 4,334,000 events archived (23.3 events/sec avg)
[21:20:15] 4,336,000 events archived (23.3 events/sec avg)
[21:20:58] 4,338,000 events archived (23.3 events/sec avg)
[21:21:55] 4,340,000 events archived (23.3 events/sec avg)
[21:22:42] 4,342,000 events archived (23.3 events/sec avg)
[21:23:26] 4,344,000 events archived (23.3 events/sec avg)
[21:24:12] 4,346,000 events archived (23.3 events/sec avg)
[21:24:52] 4,348,000 events archived (23.3 events/sec avg)
[21:25:33] 4,350,000 events archived (23.3 events/sec avg)
[21:26:15] 4,352,000 events archived (23.3 events/sec avg)
[21:26:56] 4,354,000 events archived (23.3 events/sec avg)
[21:27:41] 4,356,000 events archived (23.3 events/sec avg)
[21:28:32] 4,358,000 events archived (23.3 events/sec avg)
[21:29:17] 4,360,000 events archived (23.3 events/sec avg)
[21:30:02] 4,362,000 events archived (23.3 events/sec avg)
[21:30:45] 4,364,000 events archived (23.3 events/sec avg)
[21:31:26] 4,366,000 events archived (23.4 events/sec avg)
[21:32:11] 4,368,000 events archived (23.4 events/sec avg)
[21:33:02] 4,370,000 events archived (23.4 events/sec avg)
[21:33:48] 4,372,000 events archived (23.4 events/sec avg)
[21:34:35] 4,374,000 events archived (23.4 events/sec avg)
[21:35:18] 4,376,000 events archived (23.4 events/sec avg)
[21:36:06] 4,378,000 events archived (23.4 events/sec avg)
[21:36:51] 4,380,000 events archived (23.4 events/sec avg)
[21:37:39] 4,382,000 events archived (23.4 events/sec avg)
[21:38:28] 4,384,000 events archived (23.4 events/sec avg)
[21:39:12] 4,386,000 events archived (23.4 events/sec avg)
[21:40:01] 4,388,000 events archived (23.4 events/sec avg)
[21:40:47] 4,390,000 events archived (23.4 events/sec avg)
[21:41:34] 4,392,000 events archived (23.4 events/sec avg)
[21:42:20] 4,394,000 events archived (23.4 events/sec avg)
[21:42:58] 4,396,000 events archived (23.4 events/sec avg)
[21:43:40] 4,398,000 events archived (23.4 events/sec avg)
[21:44:26] 4,400,000 events archived (23.4 events/sec avg)
[21:45:03] 4,402,000 events archived (23.4 events/sec avg)
[21:45:44] 4,404,000 events archived (23.4 events/sec avg)
[21:46:28] 4,406,000 events archived (23.5 events/sec avg)
[21:47:10] 4,408,000 events archived (23.5 events/sec avg)
[21:48:00] 4,410,000 events archived (23.5 events/sec avg)
[21:48:44] 4,412,000 events archived (23.5 events/sec avg)
[21:49:24] 4,414,000 events archived (23.5 events/sec avg)
[21:50:08] 4,416,000 events archived (23.5 events/sec avg)
[21:50:53] 4,418,000 events archived (23.5 events/sec avg)
[21:51:38] 4,420,000 events archived (23.5 events/sec avg)
[21:52:23] 4,422,000 events archived (23.5 events/sec avg)
[21:53:08] 4,424,000 events archived (23.5 events/sec avg)
[21:53:53] 4,426,000 events archived (23.5 events/sec avg)
[21:54:40] 4,428,000 events archived (23.5 events/sec avg)
[21:55:31] 4,430,000 events archived (23.5 events/sec avg)
[21:56:06] 4,432,000 events archived (23.5 events/sec avg)
[21:56:47] 4,434,000 events archived (23.5 events/sec avg)
[21:57:28] 4,436,000 events archived (23.5 events/sec avg)
[21:58:02] 4,438,000 events archived (23.5 events/sec avg)
[21:58:39] 4,440,000 events archived (23.5 events/sec avg)
[21:59:22] 4,442,000 events archived (23.5 events/sec avg)
[22:00:01] 4,444,000 events archived (23.6 events/sec avg)
[22:00:38] 4,446,000 events archived (23.6 events/sec avg)
[22:01:18] 4,448,000 events archived (23.6 events/sec avg)
[22:02:07] 4,450,000 events archived (23.6 events/sec avg)
stream connection dropped (Response ended prematurely), reconnecting in 5s...
stream connection dropped (Response ended prematurely), reconnecting in 5s...
stream connection dropped (Response ended prematurely), reconnecting in 5s...
stream connection dropped (Response ended prematurely), reconnecting in 5s...
stream connection dropped (Response ended prematurely), reconnecting in 5s...
stream connection dropped (Response ended prematurely), reconnecting in 5s...
stream connection dropped (Response ended prematurely), reconnecting in 5s...
stream connection dropped (Response ended prematurely), reconnecting in 5s...
stream connection dropped (Response ended prematurely), reconnecting in 5s...
stream connection dropped (Response ended prematurely), reconnecting in 5s...
stream connection dropped (Response ended prematurely), reconnecting in 5s...
stream connection dropped (Response ended prematurely), reconnecting in 5s...
stream connection dropped (Response ended prematurely), reconnecting in 5s...
stream connection dropped (Response ended prematurely), reconnecting in 5s...
[22:02:44] 4,452,000 events archived (23.6 events/sec avg)
[22:03:24] 4,454,000 events archived (23.6 events/sec avg)
[22:04:08] 4,456,000 events archived (23.6 events/sec avg)
[22:04:59] 4,458,000 events archived (23.6 events/sec avg)
[22:05:52] 4,460,000 events archived (23.6 events/sec avg)
[22:06:37] 4,462,000 events archived (23.6 events/sec avg)
[22:07:20] 4,464,000 events archived (23.6 events/sec avg)
[22:08:05] 4,466,000 events archived (23.6 events/sec avg)
[22:08:45] 4,468,000 events archived (23.6 events/sec avg)
[22:09:23] 4,470,000 events archived (23.6 events/sec avg)
[22:10:03] 4,472,000 events archived (23.6 events/sec avg)
[22:10:41] 4,474,000 events archived (23.6 events/sec avg)
[22:11:23] 4,476,000 events archived (23.6 events/sec avg)
[22:12:03] 4,478,000 events archived (23.6 events/sec avg)
[22:12:40] 4,480,000 events archived (23.7 events/sec avg)
[22:13:21] 4,482,000 events archived (23.7 events/sec avg)
[22:14:17] 4,484,000 events archived (23.7 events/sec avg)
[22:15:05] 4,486,000 events archived (23.7 events/sec avg)
[22:15:54] 4,488,000 events archived (23.7 events/sec avg)
[22:16:36] 4,490,000 events archived (23.7 events/sec avg)
[22:17:21] 4,492,000 events archived (23.7 events/sec avg)
[22:18:05] 4,494,000 events archived (23.7 events/sec avg)
[22:18:58] 4,496,000 events archived (23.7 events/sec avg)
[22:19:54] 4,498,000 events archived (23.7 events/sec avg)
[22:20:45] 4,500,000 events archived (23.7 events/sec avg)
[22:21:41] 4,502,000 events archived (23.7 events/sec avg)
[22:22:34] 4,504,000 events archived (23.7 events/sec avg)
[22:23:28] 4,506,000 events archived (23.7 events/sec avg)
[22:24:20] 4,508,000 events archived (23.7 events/sec avg)
[22:25:09] 4,510,000 events archived (23.7 events/sec avg)
[22:26:02] 4,512,000 events archived (23.7 events/sec avg)
[22:26:52] 4,514,000 events archived (23.7 events/sec avg)
[22:27:42] 4,516,000 events archived (23.7 events/sec avg)
[22:28:35] 4,518,000 events archived (23.7 events/sec avg)
[22:29:35] 4,520,000 events archived (23.7 events/sec avg)
[22:30:27] 4,522,000 events archived (23.7 events/sec avg)
[22:31:22] 4,524,000 events archived (23.7 events/sec avg)
[22:32:16] 4,526,000 events archived (23.7 events/sec avg)
[22:33:10] 4,528,000 events archived (23.7 events/sec avg)
[22:33:58] 4,530,000 events archived (23.8 events/sec avg)
[22:34:54] 4,532,000 events archived (23.8 events/sec avg)
[22:35:48] 4,534,000 events archived (23.8 events/sec avg)
[22:36:43] 4,536,000 events archived (23.8 events/sec avg)
[22:37:38] 4,538,000 events archived (23.8 events/sec avg)
[22:38:37] 4,540,000 events archived (23.8 events/sec avg)
[22:39:37] 4,542,000 events archived (23.8 events/sec avg)
[22:40:35] 4,544,000 events archived (23.8 events/sec avg)
[22:41:34] 4,546,000 events archived (23.8 events/sec avg)
[22:42:34] 4,548,000 events archived (23.8 events/sec avg)
[22:43:34] 4,550,000 events archived (23.8 events/sec avg)
[22:44:31] 4,552,000 events archived (23.8 events/sec avg)
[22:45:37] 4,554,000 events archived (23.8 events/sec avg)
[22:46:45] 4,556,000 events archived (23.8 events/sec avg)
[22:47:48] 4,558,000 events archived (23.8 events/sec avg)
[22:48:45] 4,560,000 events archived (23.8 events/sec avg)
[22:49:47] 4,562,000 events archived (23.8 events/sec avg)
[22:50:52] 4,564,000 events archived (23.8 events/sec avg)
[22:51:59] 4,566,000 events archived (23.8 events/sec avg)
[22:53:02] 4,568,000 events archived (23.8 events/sec avg)
[22:54:08] 4,570,000 events archived (23.8 events/sec avg)
[22:55:08] 4,572,000 events archived (23.8 events/sec avg)
[22:56:08] 4,574,000 events archived (23.8 events/sec avg)
[22:57:16] 4,576,000 events archived (23.8 events/sec avg)
[22:58:27] 4,578,000 events archived (23.8 events/sec avg)
[22:59:38] 4,580,000 events archived (23.8 events/sec avg)
[23:00:40] 4,582,000 events archived (23.8 events/sec avg)
[23:01:52] 4,584,000 events archived (23.8 events/sec avg)
[23:02:56] 4,586,000 events archived (23.8 events/sec avg)
[23:04:05] 4,588,000 events archived (23.8 events/sec avg)
[23:04:57] 4,590,000 events archived (23.8 events/sec avg)
[23:05:59] 4,592,000 events archived (23.8 events/sec avg)
[23:06:59] 4,594,000 events archived (23.8 events/sec avg)
[23:08:36] 4,596,000 events archived (23.8 events/sec avg)
[23:09:36] 4,598,000 events archived (23.8 events/sec avg)
[23:10:47] 4,600,000 events archived (23.8 events/sec avg)
[23:11:36] 4,602,000 events archived (23.8 events/sec avg)
[23:12:32] 4,604,000 events archived (23.9 events/sec avg)
[23:13:20] 4,606,000 events archived (23.9 events/sec avg)
[23:14:18] 4,608,000 events archived (23.9 events/sec avg)
[23:15:16] 4,610,000 events archived (23.9 events/sec avg)
[23:16:14] 4,612,000 events archived (23.9 events/sec avg)
[23:17:04] 4,614,000 events archived (23.9 events/sec avg)
[23:17:55] 4,616,000 events archived (23.9 events/sec avg)
[23:18:53] 4,618,000 events archived (23.9 events/sec avg)
[23:19:58] 4,620,000 events archived (23.9 events/sec avg)
[23:20:54] 4,622,000 events archived (23.9 events/sec avg)
[23:21:38] 4,624,000 events archived (23.9 events/sec avg)
[23:22:23] 4,626,000 events archived (23.9 events/sec avg)
[23:22:59] 4,628,000 events archived (23.9 events/sec avg)
[23:23:52] 4,630,000 events archived (23.9 events/sec avg)
[23:25:06] 4,632,000 events archived (23.9 events/sec avg)
[23:26:12] 4,634,000 events archived (23.9 events/sec avg)
[23:27:15] 4,636,000 events archived (23.9 events/sec avg)
[23:28:08] 4,638,000 events archived (23.9 events/sec avg)
[23:29:16] 4,640,000 events archived (23.9 events/sec avg)
[23:30:25] 4,642,000 events archived (23.9 events/sec avg)
[23:31:23] 4,644,000 events archived (23.9 events/sec avg)
[23:32:22] 4,646,000 events archived (23.9 events/sec avg)
[23:33:23] 4,648,000 events archived (23.9 events/sec avg)
[23:34:19] 4,650,000 events archived (23.9 events/sec avg)
[23:35:22] 4,652,000 events archived (23.9 events/sec avg)
[23:36:15] 4,654,000 events archived (23.9 events/sec avg)
[23:37:14] 4,656,000 events archived (23.9 events/sec avg)
[23:38:14] 4,658,000 events archived (23.9 events/sec avg)
[23:39:17] 4,660,000 events archived (23.9 events/sec avg)
[23:40:31] 4,662,000 events archived (23.9 events/sec avg)
[23:41:27] 4,664,000 events archived (23.9 events/sec avg)
[23:42:28] 4,666,000 events archived (24.0 events/sec avg)
[23:43:31] 4,668,000 events archived (24.0 events/sec avg)
[23:44:32] 4,670,000 events archived (24.0 events/sec avg)
[23:45:36] 4,672,000 events archived (24.0 events/sec avg)
[23:46:42] 4,674,000 events archived (24.0 events/sec avg)
[23:47:48] 4,676,000 events archived (24.0 events/sec avg)
[23:48:55] 4,678,000 events archived (24.0 events/sec avg)
[23:50:05] 4,680,000 events archived (24.0 events/sec avg)
[23:51:06] 4,682,000 events archived (24.0 events/sec avg)
[23:52:07] 4,684,000 events archived (24.0 events/sec avg)
[23:53:12] 4,686,000 events archived (24.0 events/sec avg)
[23:54:12] 4,688,000 events archived (24.0 events/sec avg)
[23:55:11] 4,690,000 events archived (24.0 events/sec avg)
[23:56:10] 4,692,000 events archived (24.0 events/sec avg)
[23:57:16] 4,694,000 events archived (24.0 events/sec avg)
[23:58:17] 4,696,000 events archived (24.0 events/sec avg)
[23:59:14] 4,698,000 events archived (24.0 events/sec avg)
[00:00:14] 4,700,000 events archived (24.0 events/sec avg)
[00:01:15] 4,702,000 events archived (24.0 events/sec avg)
[00:02:14] 4,704,000 events archived (24.0 events/sec avg)
[00:03:13] 4,706,000 events archived (24.0 events/sec avg)
[00:04:16] 4,708,000 events archived (24.0 events/sec avg)
[00:05:18] 4,710,000 events archived (24.0 events/sec avg)
[00:06:25] 4,712,000 events archived (24.0 events/sec avg)
[00:07:24] 4,714,000 events archived (24.0 events/sec avg)
[00:08:29] 4,716,000 events archived (24.0 events/sec avg)
[00:09:34] 4,718,000 events archived (24.0 events/sec avg)
[00:10:36] 4,720,000 events archived (24.0 events/sec avg)
[00:11:42] 4,722,000 events archived (24.0 events/sec avg)
[00:12:45] 4,724,000 events archived (24.0 events/sec avg)
[00:13:57] 4,726,000 events archived (24.0 events/sec avg)
